Barcode,Cluster
AAACAAGTATCTCCCA-1,3
AAACACCAATAACTGC-1,1
AAACAGAGCGACTCCT-1,1
AAACAGCTTTCAGAAG-1,3
AAACAGGGTCTATATT-1,3
AAACAGTGTTCCTGGG-1,1
AAACATTTCCCGGATT-1,1
AAACCCGAACGAAATC-1,4
AAACCGGAAATGTTAA-1,1
AAACCGGGTAGGTACC-1,2
AAACCGTTCGTCCAGG-1,1
AAACCTAAGCAGCCGG-1,3
AAACCTCATGAAGTTG-1,1
AAACGAAGAACATACC-1,2
AAACGAGACGGTTGAT-1,3
AAACGCCCGAGATCGG-1,2
AAACGCTGGGCACGAC-1,1
AAACGGGCGTACGGGT-1,2
AAACGGTTGCGAACTG-1,2
AAACGTGTTCGCCCTA-1,1
AAACTAACGTGGCGAC-1,3
AAACTCGGTTCGCAAT-1,1
AAACTCGTGATATAAG-1,2
AAACTGCTGGCTCCAA-1,1
AAACTTAATTGCACGC-1,3
AAACTTGCAAACGTAT-1,3
AAAGAATGTGGACTAA-1,2
AAAGACCCAAGTCGCG-1,3
AAAGCTTGCCTACATA-1,1
AAAGGCCCTATAATAC-1,2
AAAGGCTACGGACCAT-1,1
AAAGGCTCTCGCGCCG-1,3
AAAGGGATGTAGCAAG-1,3
AAAGGGCAGCTTGAAT-1,1
AAAGGTAAGCTGTACC-1,2
AAAGTAGCATTGCTCA-1,1
AAAGTCACTGATGTAA-1,3
AAAGTCGACCCTCAGT-1,1
AAAGTGCCATCAATTA-1,3
AAAGTGTGATTTATCT-1,1
AAAGTTGACTCCCGTA-1,2
AAATAACCATACGGGA-1,1
AAATAAGGTAGTGCCC-1,2
AAATACCTATAAGCAT-1,3
AAATAGCTTAGACTTT-1,2
AAATAGGGTGCTATTG-1,1
AAATCCGATACACGCC-1,1
AAATCGTGTACCACAA-1,5
AAATCTAGCCCTGCTA-1,1
AAATGATTCGATCAGC-1,1
AAATGCTCGTTACGTT-1,3
AAATGGCATGTCTTGT-1,2
AAATGGCCCGTGCCCT-1,1
AAATGGTCAATGTGCC-1,3
AAATTAACGGGTAGCT-1,3
AAATTACACGACTCTG-1,1
AAATTACCTATCGATG-1,1
AAATTCCAGGTCCAAA-1,2
AAATTGATAGTCCTTT-1,3
AAATTGGTGAGAAGCA-1,1
AAATTTACCGAAATCC-1,2
AAATTTGCGGGTGTGG-1,3
AACAACTGGTAGTTGC-1,1
AACAATACATTGTCGA-1,1
AACAATTACTCTACGC-1,1
AACACACGCTCGCCGC-1,3
AACACGACTGTACTGA-1,2
AACACGAGACGCGGCC-1,2
AACAGCTGTGTGGCAA-1,1
AACAGGAAATCGAATA-1,1
AACAGGATGGGCCGCG-1,1
AACAGGTAGTATGGAT-1,4
AACATAGCGTGTATCG-1,2
AACATATCAACTGGTG-1,1
AACATCGATACGTCTA-1,3
AACATTGAAGTTGATC-1,1
AACATTGTGACTCGAG-1,3
AACCAAGACTTCTCTG-1,1
AACCAGTATCACTCTT-1,3
AACCATGGGATCGCTA-1,1
AACCCAGAGACGGAGA-1,1
AACCCATCCCATGATC-1,3
AACCCGACAACCCGTG-1,2
AACCCGAGCAGAATCG-1,1
AACCCGATAGGGCTTC-1,2
AACCCGCTGTATTCCA-1,2
AACCCTACTGTCAATA-1,1
AACCCTGGTGGAACCA-1,2
AACCGAGCTTGGTCAT-1,1
AACCGCTAAGGGATGC-1,1
AACCGTTGTGTTTGCT-1,1
AACCTCGCTTTAGCCC-1,5
AACCTGTCACGGAATT-1,2
AACCTTTAAATACGGT-1,1
AACCTTTACGACGTCT-1,2
AACGAAAGTCGTCCCA-1,3
AACGACCTCCTAGCCG-1,1
AACGATAATGCCGTAG-1,2
AACGATAGAAGGGCCG-1,1
AACGATATGTCAACTG-1,1
AACGCATGATCTGGGT-1,2
AACGCGAACGGCAACA-1,1
AACGCGACCTTGGGCG-1,2
AACGCGGTCTCCAGCC-1,1
AACGCTGTTGCTGAAA-1,1
AACGGACGTACGTATA-1,1
AACGGCCATCTCCGGT-1,3
AACGTACTGTGGGTAC-1,2
AACGTCAGACTAGTGG-1,1
AACGTCGCTGCACTTC-1,2
AACGTGATGAAGGACA-1,2
AACGTGCGAAAGTCTC-1,1
AACGTTATCAGCACCT-1,3
AACTAGGCTTGGGTGT-1,1
AACTCAAGTTAATTGC-1,3
AACTCCAGAGCGTGTT-1,2
AACTCCTAATCCCATG-1,2
AACTCGATGGCGCAGT-1,2
AACTCTCAATAGAGCG-1,4
AACTCTCAGTGTGCTC-1,1
AACTGAGGTCAGCGTC-1,2
AACTGAGTTATACTGA-1,1
AACTGATATTAGGCCT-1,1
AACTGGGTCCCGACGT-1,1
AACTGGTGTGGGCCTT-1,1
AACTTCTGCGTCTATC-1,4
AACTTGCCCGTATGCA-1,4
AACTTGCGTTCTCGCG-1,1
AACTTTCTCGATCATG-1,5
AAGAAATCACCAGATT-1,1
AAGAAGGATCAGTTAG-1,2
AAGACATACGTGGTTT-1,1
AAGACCCAACTGAACA-1,1
AAGACTGCAAGCTACT-1,1
AAGAGATGAATCGGTA-1,1
AAGAGCTCTTTATCGG-1,3
AAGAGGATGTACGCGA-1,1
AAGAGGCATGGATCGC-1,1
AAGAGGCCCTTTGGAA-1,4
AAGATGGCACCGGACC-1,3
AAGATTGGCGGAACGT-1,2
AAGCACCCTGCGTATC-1,2
AAGCATACTCTCCTGA-1,2
AAGCCACTTGCAGGTA-1,2
AAGCCGAAGCGGTTTA-1,3
AAGCCGCCGTGAAATC-1,1
AAGCCGCTTTACCTTG-1,3
AAGCCGGAGAGCAGGA-1,1
AAGCGCAGGGCTTTGA-1,1
AAGCGGAGTGCGCGCA-1,2
AAGCGGCGTCATGGGT-1,3
AAGCGTCCCTCATCGA-1,2
AAGCTAGATCGAGTAA-1,1
AAGCTCGTGCCAAGTC-1,3
AAGCTCTTTCATGGTG-1,2
AAGGAGCGGTTGGTGC-1,1
AAGGATCGATCGCTTG-1,2
AAGGATGAGGGACCTC-1,1
AAGGCAGGCTGTCTCC-1,4
AAGGCGCGTAAAGCTT-1,3
AAGGCTGTGCTCATCG-1,1
AAGGGAACGACTGGCT-1,4
AAGGGACAGATTCTGT-1,2
AAGGGACTATGCATTC-1,3
AAGGTATCCTAATATA-1,1
AAGGTGATAAACCAGC-1,1
AAGTAGAAGACCGGGT-1,1
AAGTAGTGACGCGAGG-1,4
AAGTCTAGTAGCTGCC-1,1
AAGTGACGACCGAATT-1,3
AAGTGAGTCGGGTTTA-1,1
AAGTGCAAAGGTAGAC-1,3
AAGTGCGTTAGAATCT-1,1
AAGTGCTTCTCTATTG-1,2
AAGTGTTTGGAGACGG-1,2
AAGTTCACTCCAAGCT-1,2
AAGTTCAGTCTGCGTA-1,1
AAGTTCGGCCAACAGG-1,3
AAGTTGTGATGTTATA-1,1
AAGTTTATGGGCCCAA-1,1
AATAACAACGCTCGGC-1,1
AATAACACTAGAACAA-1,1
AATAATCTTCGTATCG-1,1
AATACAATGTTTCAGG-1,4
AATACCGGAGGGCTGT-1,1
AATACCTGATGTGAAC-1,3
AATAGAACAGAGTGGC-1,1
AATAGAATCTGTTTCA-1,3
AATAGCAAGCCTCCTG-1,1
AATAGCTACCGCGTGC-1,2
AATAGTCCGTCCCGAC-1,3
AATATCAAGGTCGGAT-1,2
AATATCGAATCAATGC-1,4
AATATCGAGGGTTCTC-1,2
AATATTGGAGTATTGA-1,1
AATCAGGTTTCATTTA-1,2
AATCATGTAAAGACTC-1,1
AATCCAAGGGCCTGAG-1,2
AATCCATGCAAGGGTG-1,1
AATCGCCTCAGCGCCA-1,2
AATCGCGCAGAGGACT-1,4
AATCGGGACACTACGA-1,2
AATCGGTATAGCCCTC-1,1
AATCGTGAGCCGAGCA-1,5
AATCTAGGTTTACTTG-1,3
AATCTATGCCGGAGCC-1,1
AATCTCTACTGTGGTT-1,3
AATCTGCGTTGGGACG-1,1
AATCTGGCTTTCTAGT-1,1
AATGACAGCAATGTCT-1,3
AATGACGTAGGATGTC-1,3
AATGACTGTCAGCCGG-1,1
AATGAGTTCGCATATG-1,3
AATGATGATACGCTAT-1,2
AATGATGCGACTCCTG-1,2
AATGCAACCGGGTACC-1,3
AATGCACCAAGCAATG-1,2
AATGGTCCACCGTTCA-1,4
AATGGTTCTCACAAGC-1,2
AATGTGCCCGAGGTGT-1,1
AATGTGCTAATCTGAG-1,1
AATGTTAAGACCCTGA-1,2
AATGTTGTCGTGAGAC-1,1
AATTAAAGGTCGGCGT-1,3
AATTAACGGATTTCCA-1,1
AATTACTCGTACGCTC-1,1
AATTAGCGCTGCAGCG-1,1
AATTCATAAGGGATCT-1,3
AATTCCAAGCATGTAC-1,5
AATTCGATTCGAGGAT-1,5
AATTCTAGAGTTAGGC-1,1
AATTGAACGCTCTGGT-1,1
AATTGCAGCAATCGAC-1,2
AATTGTGGTTGCCAAA-1,1
AATTTGGGACATAGTA-1,1
AATTTGGTTCCAAAGA-1,2
ACAAACCATGCGTCCT-1,3
ACAAAGCATGACCTAG-1,1
ACAAATCGCACCGAAT-1,1
ACAAATGGTAGTGTTT-1,3
ACAAATTCAGATCTGA-1,2
ACAACAGCATGAGCTA-1,1
ACAACGGTCCCTGCGA-1,1
ACAAGCAGTGCCTAGC-1,1
ACAAGGAAATCCGCCC-1,1
ACAAGGACAAGAGGTT-1,1
ACAAGGATGCTTTAGG-1,1
ACAAGGGCAGGCTCTG-1,1
ACAATAGTCGTACGTT-1,1
ACAATCCATTTAAACC-1,4
ACAATGAATACGGAGA-1,1
ACAATGATTCTTCTAC-1,2
ACAATTGTGTCTCTTT-1,3
ACAATTTAGGAGGCTC-1,3
ACAATTTGAGCAGTGG-1,1
ACACAAAGACGGGTGG-1,3
ACACAAATATTCCTAG-1,1
ACACACCAGGACCAGT-1,1
ACACACTTTCTACACG-1,1
ACACATGATCAAATCT-1,3
ACACATTTCCGTAGAC-1,2
ACACCACATAATTAGC-1,1
ACACCCAGCATGCAGC-1,1
ACACCCGAGAAATCCG-1,4
ACACCGGTCTGACCGC-1,3
ACACCTTAAGTAGGGC-1,1
ACACCTTACTACTTGC-1,3
ACACGAGACTCCTTCT-1,2
ACACGGCACTATGCAT-1,2
ACACGGGAACTTAGGG-1,1
ACACGTAGGCCACAAG-1,1
ACACTCCAATGTCACT-1,4
ACACTGATCAAGGTGT-1,1
ACACTGGGACAGTCGT-1,2
ACAGAACTGAGAACAA-1,1
ACAGATTAGGTTAGTG-1,2
ACAGCATAGAGCCAGT-1,2
ACAGCGACATTCTCAT-1,1
ACAGCGCACCCGCAGC-1,2
ACAGGCACGGATCCTT-1,1
ACAGGCTTGCCCGACT-1,3
ACAGGTGGAGGTGAGG-1,2
ACAGTAATACAACTTG-1,3
ACAGTATACCGTGGGA-1,1
ACATAAGTCGTGGTGA-1,3
ACATAATAAGGCGGTG-1,3
ACATCAGCTGGGACGC-1,3
ACATCCCGGCCATACG-1,3
ACATCGATCGTTTACC-1,1
ACATCGGTCAGCCGCG-1,2
ACATCGTATGCAATGG-1,4
ACATCGTTAACCTAGT-1,1
ACATGCTTACGGCAGC-1,3
ACATGGCGCCAAAGTA-1,1
ACATGGCTCAATTTAG-1,3
ACATTAGTTTATATCC-1,3
ACATTCGCGCGGAATA-1,2
ACATTTGAAACCTAAC-1,2
ACCAAACACCCAGCGA-1,1
ACCAACACCACACACT-1,1
ACCAACCGCACTCCAC-1,2
ACCAACGCTTATTTAT-1,1
ACCAAGAACGCGTGTC-1,1
ACCAAGTCATCGGCAG-1,1
ACCAATATGCAAGTTA-1,2
ACCACAACTCAGAACA-1,2
ACCACAAGTTTCTATC-1,3
ACCACACGGTTGATGG-1,2
ACCACCAATGTAACAA-1,4
ACCACCCTCTCTTCTA-1,3
ACCACGTGCAGCTATA-1,3
ACCAGTGCCCGGTCAA-1,2
ACCAGTGCGGGAGACG-1,3
ACCATATCCGCAATAA-1,3
ACCATCCGCCAACTAG-1,3
ACCATCGTATATGGTA-1,2
ACCCAACGCCCGTGGC-1,1
ACCCACCTACATGCTC-1,1
ACCCATCTTGAGGGTA-1,1
ACCCATTTGTCCCTCT-1,1
ACCCGAGCGAAATTAC-1,1
ACCCGATTGGTTCCGA-1,1
ACCCGGAAACTCCCAG-1,1
ACCCGGAGCACCACAA-1,2
ACCCGGATGACGCATC-1,1
ACCCGGTTACACTTCC-1,3
ACCCGTAGTCTAGTTG-1,1
ACCCGTGTCATCAGTA-1,1
ACCCTATAGGACTGAG-1,3
ACCCTATGCCATATCG-1,1
ACCCTCCCGTCAGGGC-1,2
ACCCTCCCTTGCTATT-1,1
ACCCTGGTAACGCCCT-1,2
ACCCTTCATCTGCGAA-1,1
ACCCTTGCCTGGGTCG-1,2
ACCCTTTAGTTCTCCA-1,2
ACCGAAAGGGCCCTGC-1,1
ACCGAAGAGTCTGGTT-1,3
ACCGACACATCTCCCA-1,1
ACCGACTGAGTCCCAC-1,1
ACCGAGTCTCCTTATT-1,2
ACCGATAGGCATAACC-1,1
ACCGATATTTAATCAT-1,1
ACCGATGGTAGCATCG-1,1
ACCGCAATAACTGCCT-1,1
ACCGCTAGTCATTGGT-1,2
ACCGGGCCTTTGTTGA-1,4
ACCGGTCAGGTACACC-1,3
ACCGTGACCACGTGGG-1,2
ACCTAAGTACCTTTCA-1,1
ACCTAATCGACTTCCT-1,4
ACCTACAGTATGTGGT-1,3
ACCTACTATAAATCTA-1,3
ACCTCCGCCCTCGCTG-1,1
ACCTCCGTTATTCACC-1,1
ACCTCGAACTTATGCT-1,3
ACCTGCGTGTCATGTT-1,3
ACGAAATGGGCGGCAC-1,3
ACGACCCATGAGTTGC-1,3
ACGACTCTAGGGCCGA-1,1
ACGACTGGTCATACTC-1,2
ACGAGAACCCATCACG-1,2
ACGAGATATTTGCTTA-1,2
ACGAGGATACCACTCT-1,1
ACGAGGTTTACAACGT-1,3
ACGAGTACGGATGCCC-1,3
ACGATACATAGAACTA-1,1
ACGATCATACATAGAG-1,3
ACGATCATCTTGTAAA-1,2
ACGATGCATATGTTAT-1,3
ACGATGGATCCGATGC-1,2
ACGCAAACTAATAGAT-1,1
ACGCAATCACTACAGC-1,2
ACGCATAAATGACATG-1,3
ACGCATACGTTTACTA-1,1
ACGCATTCGTGAGTAC-1,3
ACGCCACTCGAAACAG-1,1
ACGCCAGATGATTTCT-1,2
ACGCCAGTGCGTTTGC-1,2
ACGCCGCTAGACGACC-1,1
ACGCGAAGTCAGACGA-1,1
ACGCGCTACACAGGGT-1,2
ACGCGGGCCAAGGACA-1,3
ACGCTAGTGATACACT-1,3
ACGCTGTGAGGCGTAG-1,3
ACGGAACACGAGTGCC-1,1
ACGGAATTTAGCAAAT-1,1
ACGGACGCAGCGACAA-1,3
ACGGACTCTCAAAGCG-1,5
ACGGAGCGCAAATTAC-1,1
ACGGATGGTGCGGATA-1,2
ACGGCACTTGCTTGGG-1,3
ACGGCCAACATGGACT-1,3
ACGGCGACGATGGGAA-1,3
ACGGCTGGATGTAGAA-1,3
ACGGGAGTGTCGGCCC-1,1
ACGGGCGTATGCGACA-1,1
ACGGGTCATGTGACTT-1,3
ACGGTACAGTTCAATG-1,1
ACGGTCACCGAGAACA-1,1
ACGTACAGATTTCTCT-1,2
ACGTACTTTGGCACGG-1,2
ACGTAGATTGCTGATG-1,1
ACGTAGGAGAGTCGCT-1,1
ACGTATTACTCCGATC-1,1
ACGTGCGCCTCGTGCA-1,3
ACGTTAATGTCGAAGA-1,3
ACGTTAGATTTGCCCG-1,3
ACGTTATTGGTCACTC-1,4
ACGTTCACTATGCCGC-1,2
ACGTTCCGCGCTCCGT-1,1
ACGTTCGCAATCAATT-1,1
ACGTTCGTTCAGGAAA-1,1
ACGTTCTGTACAAGTC-1,1
ACGTTGTCGTTGAAAG-1,2
ACGTTTAGTTGTGATC-1,2
ACTAAGGACGCACACC-1,1
ACTAATACGTCAGGCG-1,1
ACTACAAAGAGAGGTG-1,3
ACTACATCCCGACAAG-1,3
ACTACCAGCTCTCTGG-1,1
ACTACCATCCGAGGGC-1,2
ACTACGCGTTAGAATT-1,3
ACTAGTTGCGATCGTC-1,1
ACTATATGCTGTGTTC-1,2
ACTATCCAGGGCATGG-1,2
ACTATCTGCCCGCGTA-1,3
ACTATGTCCAGCTGCC-1,3
ACTATTCGTCCGTGGT-1,1
ACTATTTCCGGGCCCA-1,1
ACTCAACGAATGTATT-1,1
ACTCAAGTGCAAGGCT-1,3
ACTCAATAAAGGCACG-1,1
ACTCAGACCTGCTTCT-1,2
ACTCATGGCAGCCTTC-1,3
ACTCCAATATCATCAT-1,1
ACTCCCATTCCTAAAG-1,1
ACTCCCGAATTCGTTT-1,3
ACTCCCGTAGACTAGG-1,2
ACTCCCTAATGCTAAA-1,1
ACTCCCTAGAATAGTA-1,3
ACTCCGGCCGACCACT-1,3
ACTCGATGTATTTCAT-1,3
ACTCGCCGTTCGATAA-1,2
ACTCGTAACCCGTCCT-1,1
ACTCGTCAGTAATCCC-1,1
ACTCTCTGACTTAGGT-1,1
ACTCTCTTATACACGA-1,2
ACTCTGACCTAATAGA-1,1
ACTCTTCAGCTCCCGC-1,3
ACTCTTGTATAGTAAC-1,1
ACTGAAACGCCGTTAG-1,1
ACTGAATGGCGAAAGT-1,3
ACTGCCCGCCATTCTC-1,1
ACTGCCGTCGTAACTC-1,1
ACTGCGGACACACCGT-1,3
ACTGCTCGGAAGGATG-1,3
ACTGGCGAACCTGCGT-1,2
ACTGGGATGCCAGTGC-1,2
ACTGTACGATACACAT-1,1
ACTGTAGCACTTTGGA-1,1
ACTGTATACGCGAGCA-1,2
ACTGTCCAGGATTATA-1,3
ACTGTCTTCTTTAGAA-1,1
ACTGTGCTAGTAGATC-1,1
ACTTACCGGGCGCGCA-1,2
ACTTACGCATCCACGC-1,1
ACTTAGTACGACAAGA-1,1
ACTTATACTTACCCGG-1,1
ACTTATTAGGATCGGT-1,3
ACTTATTTATGTGCCA-1,3
ACTTCAGGCTGATCCC-1,1
ACTTCCATGCGGGACA-1,1
ACTTCGCCATACGCAC-1,1
ACTTCGCTAGCGAGTG-1,2
ACTTGACTCCCTCTTT-1,2
ACTTGGGACCCGGTGG-1,1
ACTTGTAGTCCCTTCA-1,3
ACTTGTGGATGGAACG-1,1
ACTTGTTACCGGATCA-1,1
ACTTTACCCTCATGAA-1,1
ACTTTATACACCACTT-1,2
ACTTTCCTATAGCTTC-1,3
ACTTTGACTGCATCCT-1,3
ACTTTGGTCGTGCTCC-1,3
ACTTTGTCGACGCACT-1,2
AGAAATTATGACTCGC-1,3
AGAACACGGCGATGGT-1,1
AGAACGTGGTACATTC-1,1
AGAACTGTACTTTGTA-1,2
AGAAGAGCGCCGTTCC-1,2
AGAAGGTACACTTCAC-1,3
AGAAGGTTGCCGAATT-1,1
AGAAGGTTGTAGGTCG-1,5
AGAAGTGATTCGTGAT-1,1
AGAATAAATCTTCAGG-1,3
AGAATGCGGGTTCGGA-1,2
AGAATTATGGATTCGA-1,4
AGAATTGTTTGACATA-1,1
AGACAGCTCAGAATCC-1,3
AGACAGGCATCTCAGC-1,2
AGACATAGATCCTTCC-1,2
AGACCAAACCACACCT-1,3
AGACCATGGGATACAA-1,1
AGACCCACCGCTGATC-1,1
AGACCCGCCCTCCTCG-1,3
AGACCGCTCCGCGGTT-1,3
AGACCGGGAAACCCTG-1,1
AGACGAAGTGCCGGTC-1,3
AGACGACGATGCCGCT-1,1
AGACGCCCACTTCGCC-1,2
AGACGGGCCGATTTAA-1,2
AGACTAGCCTTCCAGA-1,1
AGACTGTTACCGGGTC-1,2
AGAGAAACACCAGAAA-1,1
AGAGAACCGTCTAGGA-1,2
AGAGAAGGAGTACAAT-1,2
AGAGATCTCTAAAGCG-1,3
AGAGCAGTTATGAGAC-1,3
AGAGCCGCCGAGATTT-1,3
AGAGCGCTTGTAACGG-1,2
AGAGCGGGCTAATCAT-1,1
AGAGCGTACAAGCTCG-1,1
AGAGCTACGAAAGCAT-1,3
AGAGGCTTCGGAAACC-1,3
AGAGGGACAATTGTCC-1,2
AGAGTAAACTTCACTA-1,4
AGAGTATAGTGTTACG-1,2
AGAGTTAGAGACCGAT-1,4
AGAGTTGCAGGCCTCC-1,2
AGATAACTTCAGGGCC-1,3
AGATACCAATAGAACC-1,1
AGATACCAGCACTTCA-1,1
AGATACCGGTGTTCAC-1,2
AGATACGACTTCATAT-1,1
AGATACTCAAGATCGA-1,4
AGATATAATACGACTA-1,5
AGATCGTGCATAAGAT-1,1
AGATCTCAGGTGTGAT-1,3
AGATCTGGAGAGGATA-1,2
AGATGACTCGCCCACG-1,3
AGATGAGGGTTGCGAT-1,3
AGATGATGGAGTCTGG-1,2
AGATGCAAGACGTGCA-1,1
AGATTATAGGACGTTT-1,3
AGATTCACAACCGATA-1,3
AGCAAAGGCCGCTAGT-1,1
AGCAACATATCTTATT-1,1
AGCAACCGAAAGTAAT-1,1
AGCACACGTTTAGACT-1,2
AGCACCAGTACTCACG-1,2
AGCACTACCGGCCTGT-1,3
AGCACTACCTCACCAG-1,1
AGCACTTAAGGACGCC-1,1
AGCAGAAGGAGAAAGA-1,3
AGCAGCCAGATGAATA-1,1
AGCAGTCGAAGCATGC-1,1
AGCATATCAATATGCT-1,1
AGCATCATTTCGAAAG-1,1
AGCATCGTCGATAATT-1,3
AGCATTACGAGGCAAG-1,2
AGCCAAGCTTTGTGTC-1,5
AGCCACAGGTTACCCG-1,2
AGCCACTCCCGTGCTT-1,2
AGCCATATAGTATGTG-1,2
AGCCCATACATGTAAG-1,1
AGCCCGCAACAAGCAG-1,1
AGCCCGCACTACAATG-1,2
AGCCCGGCATTAGAGG-1,1
AGCCCGGTAGCCTGTA-1,1
AGCCCTAAGCGAAGTT-1,1
AGCCCTCCCTGGTGGC-1,2
AGCCCTGTCGCACCGT-1,4
AGCCCTTCTAATCCGA-1,1
AGCCCTTGGACATCCC-1,3
AGCCGTGGCTAAATGT-1,1
AGCCTAATACCCACGT-1,3
AGCGACAGGAACGGTC-1,1
AGCGACATCCCATTCA-1,3
AGCGACCAACGATATT-1,3
AGCGAGACGTGAAGGC-1,1
AGCGATGCGCCTAATA-1,2
AGCGCATAATGAATCG-1,1
AGCGCGGGTGCCAATG-1,1
AGCGCTAGAGCGATGT-1,4
AGCGCTTATGGGCAAG-1,1
AGCGGACACTTCGTAG-1,3
AGCGGCGGTTAGCGGT-1,3
AGCGGGAAGGGTCCAT-1,1
AGCGGGTCTGACACTC-1,1
AGCGGTTGCCGCTCTG-1,2
AGCGTACGAGAGCTAG-1,1
AGCGTCTGAACCCGCA-1,2
AGCGTGGTATTCTACT-1,3
AGCTAACAAGCAATGT-1,1
AGCTAAGTACGCAGGC-1,3
AGCTAGAAGCAGAAGT-1,1
AGCTATTTAATCCAAC-1,2
AGCTCCATATATGTTC-1,3
AGCTCCTTCGCACATC-1,3
AGCTCGTTGATGGAAA-1,1
AGCTCTAGACGTTCCA-1,1
AGCTCTTCCCAGTGCA-1,2
AGCTCTTCGTAACCTT-1,1
AGCTCTTTACTCAGTT-1,2
AGCTGAAGTAAACCAA-1,2
AGCTGTAACCTCAATC-1,1
AGCTTCTTCTCGAGCA-1,2
AGCTTGATCTTAACTT-1,1
AGGAACGAACGACTTC-1,4
AGGAAGCTGTCCGCCG-1,3
AGGACAGTCGAATCCC-1,1
AGGACATCGCACGTCG-1,3
AGGACATCGGCACACT-1,1
AGGACGACCCATTAGA-1,2
AGGACGCTCGATGTTG-1,3
AGGAGACATCCACAGT-1,1
AGGAGAGTCTGGCTAC-1,1
AGGAGGCCTTCGCGCG-1,1
AGGATAAAGTCGGGAT-1,2
AGGATATAGGGATTTA-1,2
AGGATATCCGACTGCA-1,1
AGGATCACGCGATCTG-1,1
AGGATTGCTTACGACA-1,2
AGGCACGTGACTGTCC-1,2
AGGCAGATGCGTAAAC-1,3
AGGCAGGGAGCGTACT-1,3
AGGCATTGTCGTAGGG-1,3
AGGCCACATTGGTTAC-1,3
AGGCCACCCGTTATGA-1,3
AGGCCCAGTGACTGGT-1,3
AGGCCCATTGTACAGG-1,3
AGGCCCTAGAACGCCA-1,1
AGGCCTATCATACCAA-1,2
AGGCCTGAGAATCTCG-1,3
AGGCGATAACTGGCGT-1,1
AGGCGGTTTGTCCCGC-1,1
AGGCGTCTATGGACGG-1,2
AGGCTATGGTTAGCTT-1,1
AGGCTTCCCGAAGAAG-1,2
AGGCTTGCTAGACACC-1,1
AGGGAAACGAGGTACT-1,1
AGGGACCGGCTGCGTT-1,2
AGGGACTCTACGCGAC-1,3
AGGGAGACATACTTCG-1,3
AGGGCAGCGGCGTGGT-1,2
AGGGCCCTAATGTTCT-1,4
AGGGCGAGCAGCTGAT-1,3
AGGGCGTGATCGGCTA-1,1
AGGGCTGCAGTTACAG-1,3
AGGGTCAGAGCACTCG-1,1
AGGGTCAGTAACCCTA-1,2
AGGGTCGATGCGAACT-1,3
AGGGTCTGGACGCAGT-1,2
AGGGTGCCGTTCTTTA-1,2
AGGGTGCTCTCGAGGG-1,4
AGGGTGGATAGTGCAT-1,3
AGGGTTCAGACGGTCC-1,2
AGGGTTCCCTTTGGTT-1,1
AGGGTTTAGTTCGGGA-1,1
AGGTAACCTCCTATTC-1,3
AGGTACGATATTGCCA-1,2
AGGTAGATCGAGATAT-1,2
AGGTAGGTACAAAGCT-1,4
AGGTATAATTGATAGT-1,2
AGGTATGCGGACATTA-1,4
AGGTCAGGTGAGAGTG-1,3
AGGTCGCCTCCCAACA-1,1
AGGTCGCGGAGTTACT-1,2
AGGTGCACGTCCACAT-1,2
AGGTGGTGACCTTCGC-1,5
AGGTGTATCGCCATGA-1,1
AGGTGTTGCCGACCAC-1,4
AGGTTACACCATGCCG-1,4
AGGTTGAGGCACGCTT-1,3
AGGTTTCACACACCTT-1,1
AGTAACGTTCATCCTG-1,4
AGTAACTATAGCAGCC-1,1
AGTAATCTAAGGGTGG-1,1
AGTAATGTCTTGCCGC-1,1
AGTACAGAAGCTTATA-1,1
AGTACATCATTTATCA-1,1
AGTACCTTCGAGTGCT-1,2
AGTACGGCCCGTATCG-1,3
AGTACGGGCACCTGGC-1,1
AGTACGTGGCCTGTCT-1,2
AGTACTCTTATGCCCA-1,1
AGTAGAAGGCGCCTCA-1,2
AGTAGGAAGGAAGTTG-1,3
AGTAGGTAACATACAT-1,1
AGTATAATACTAGGCA-1,1
AGTATACACAGCGACA-1,2
AGTATGCTGGAGACCA-1,3
AGTATTTGGCACGACC-1,1
AGTCAAATGATGTGAT-1,2
AGTCAACACCACCATC-1,2
AGTCAAGATGACACTT-1,3
AGTCACTAGCTCTCGA-1,1
AGTCACTCCGCCTCAT-1,2
AGTCAGCCACCGCCTG-1,1
AGTCCATTGGCTGATG-1,2
AGTCCCGCCTTTAATT-1,2
AGTCCCTCGCAGAAAG-1,1
AGTCGACGGTCTCAAG-1,1
AGTCGGCCCAAACGAC-1,3
AGTCGGCTCAACTTTA-1,3
AGTCGGTTGCGTGAGA-1,2
AGTCGTATAAAGCAGA-1,5
AGTCGTCGACCACCAA-1,2
AGTCGTGGGCATTACG-1,3
AGTCTAAAGTATACTC-1,2
AGTCTCACAAGACTAC-1,3
AGTCTGGACATCCTTG-1,4
AGTCTTCTCCTCAAAT-1,1
AGTCTTTAAAGTGTCC-1,5
AGTGAAGATGGTGTCC-1,2
AGTGACCTACTTTACG-1,5
AGTGACTGTGACACAA-1,2
AGTGAGACTTCCAGTA-1,3
AGTGAGCCTCGCCGCC-1,1
AGTGAGGGTTTCTGAC-1,2
AGTGAGTCGAATTAAC-1,1
AGTGATAACCTGCGCG-1,1
AGTGATATGAGTAGTT-1,1
AGTGATTCAAGCAGGA-1,3
AGTGCACGCTTAAGAA-1,1
AGTGCGTAGCTCGTAA-1,1
AGTGCTAAACACAGCA-1,2
AGTGCTTGCACGAATA-1,1
AGTGGCCCGCAAATGG-1,1
AGTGGCGGCAATTTGA-1,1
AGTGGCGTCTGAAGGT-1,3
AGTGGCTCCGTCGGCC-1,1
AGTGGTGTTACCCGTG-1,3
AGTGGTTGCGTATAGG-1,1
AGTGTATTGCGCATTG-1,2
AGTGTGCTAAGATCGC-1,3
AGTGTGGTCTATTGTG-1,3
AGTTAAACACTTGCGA-1,1
AGTTAAGCGGTCCCGG-1,2
AGTTAAGTCAACCGCT-1,1
AGTTACCCTTAAGACT-1,3
AGTTACCGCACATGGT-1,3
AGTTACTCTATCGTGG-1,2
AGTTCACCGGTTGGAC-1,3
AGTTCCTACAGAATTA-1,1
AGTTCCTATTTATGTT-1,1
AGTTCTGCGTTGTATC-1,4
AGTTGACATCGGCTGG-1,2
AGTTGACGGTCCTTGC-1,3
AGTTGCTGACTGATAT-1,4
AGTTGGCAAGGCTAGA-1,3
AGTTTATGTAAAGACA-1,1
AGTTTCGCAGGTCGGA-1,2
AGTTTGCACCTGCCTC-1,2
AGTTTGGCACGGGTTG-1,4
AGTTTGGCCAGACCTA-1,1
ATAAACGGACCCGTAA-1,1
ATAAACGTTGCACCAC-1,3
ATAAAGGCTCGGTCGT-1,3
ATAAAGGTCAAGTACG-1,2
ATAAATATTAGCAGCT-1,1
ATAACGCCGGAGGGTC-1,1
ATAACGGAGTCCAACG-1,3
ATAACGTTACCTCCAC-1,2
ATAAGCAAACACCGAG-1,3
ATAAGGTGGAGAACAT-1,2
ATAAGTACCCGATTGT-1,3
ATAAGTAGGATTCAGA-1,1
ATAAGTAGGGCGACTC-1,2
ATAAGTTACCGCGACG-1,1
ATAATAGCTGTTGAAT-1,3
ATAATAGTGTAGGGAC-1,3
ATAATCTTGGAGAACC-1,5
ATAATTAGCTAAGTAG-1,3
ATACAGGCCCTCCAAT-1,2
ATACCACGGGCAACTT-1,3
ATACCAGGCTAATAGA-1,1
ATACCGTCATCCATAA-1,2
ATACCTAACCAAGAAA-1,1
ATACGAAGGCTTTCCA-1,1
ATACGAGGTTTGTAAG-1,1
ATACGCCGGCGAAACC-1,2
ATACGGAACGTCGTTT-1,1
ATACGGGTTTCGATTG-1,1
ATACGGTGAAGATGCA-1,3
ATACGTACTTAGCCAC-1,1
ATACGTCCACTCCTGT-1,3
ATACGTTATGCACGGA-1,3
ATACTACCCGTACCAC-1,4
ATACTAGCATGACCCT-1,1
ATACTCTCGCCACTCT-1,2
ATACTGCCTTACACCG-1,3
ATACTTGTTCTCGAGC-1,3
ATAGACAACGGGACCT-1,1
ATAGACGAAGAGAAAG-1,3
ATAGAGTACTGGGACA-1,1
ATAGAGTTATCAACTT-1,1
ATAGCAACTAGGGAAG-1,3
ATAGCCATAACAGTCA-1,1
ATAGCCTCAGTACCCA-1,3
ATAGCTGCTCTTGTTA-1,3
ATAGGAATCTAAGCTT-1,2
ATAGGCGGCTATAGAA-1,1
ATAGGCTAGCTTCGCA-1,1
ATAGGGATATCCTTGA-1,1
ATAGGTTGGGCAGATG-1,3
ATAGTCTTTGACGTGC-1,1
ATAGTGAAGCGTTCTC-1,5
ATAGTTCCACCCACTC-1,3
ATATAAAGCGCTCGTG-1,2
ATATAAATGTAGCTGC-1,2
ATATAACACGGGCGCA-1,1
ATATACGCTCGTGACG-1,2
ATATAGAGTATTGGTC-1,3
ATATCAACCTACAGAG-1,2
ATATCAATTCCAGCCT-1,2
ATATCGGTAGGGAGAT-1,2
ATATCGTTCCTCGAAC-1,3
ATATCTCCCTCGTTAA-1,2
ATATCTTAGGGCCTTC-1,3
ATATGGGATAGCAACT-1,1
ATATGTCTAGAGCGTG-1,1
ATATGTCTCCCTAGCC-1,3
ATATGTGCACAAACCA-1,1
ATATTCAGTTAAACCT-1,1
ATATTCCACATAGTGA-1,2
ATATTCCCACAGGTCA-1,2
ATATTGCTGTCAAAGT-1,1
ATATTGGAGAGGCCTT-1,1
ATATTTAACCCTCAAG-1,3
ATCAAACACTGTTCCA-1,4
ATCAAACGAAGGTTTG-1,1
ATCAAGATCCCAGGAC-1,1
ATCAATCTGGGCTGCA-1,3
ATCAATGCCGTGGCTG-1,1
ATCACATTAGAATATC-1,1
ATCACGTGCTAATTAA-1,3
ATCACTTCATCCTCGC-1,1
ATCAGACGGCACGCCG-1,1
ATCAGCCTCATGCTGC-1,1
ATCAGCTCGTCCACTA-1,1
ATCAGGTAGCTGACAG-1,1
ATCAGGTCGCCATTGC-1,2
ATCAGTAGGCAGGGAT-1,2
ATCATAGATCGACGAG-1,2
ATCATAGCCCTATGTA-1,1
ATCATCCAATATTTGT-1,3
ATCATGGACTACCGAC-1,4
ATCCAACGCAGTCATA-1,1
ATCCAATGGAGGGTCC-1,2
ATCCACATCGACAGAA-1,5
ATCCACGCTAAATGTT-1,2
ATCCACTTTCAGACTA-1,3
ATCCAGAGCAACAACC-1,3
ATCCAGGATTCGTGAA-1,2
ATCCCATCCACAGCGC-1,3
ATCCCATTTCCGTGGG-1,1
ATCCGGACCAGCCTGA-1,1
ATCCTACCTAAGCTCT-1,2
ATCCTGAATCGCTGCG-1,1
ATCCTGCGTGGAATGG-1,2
ATCCTGCTGCAGATAG-1,2
ATCCTTCTGAAAGAAC-1,1
ATCGACCCAATACAGA-1,1
ATCGACTCTTTCCGTT-1,1
ATCGCACGATTGTTCA-1,2
ATCGCACGCCGGGAGA-1,2
ATCGCCGTGGTTCATG-1,2
ATCGCTGCGTGCAGCA-1,2
ATCGCTTTACGTCTCA-1,3
ATCGGAGACAGACGGC-1,1
ATCGGCAAGCAGTCCA-1,2
ATCGGTTACCTAGTAA-1,3
ATCGTCCAATCGAGTC-1,3
ATCGTGGAAAGTCTGG-1,2
ATCGTTAGCTAGCGGA-1,2
ATCGTTCACTTTCGCC-1,2
ATCTAATATCCTACGG-1,2
ATCTACCATCTGCTCC-1,3
ATCTAGCTTGTGAGGG-1,2
ATCTCCCACGGAATAT-1,4
ATCTCCCTGCAATCTA-1,2
ATCTCGTGAGCGAAAC-1,4
ATCTGACATGGAAGGA-1,1
ATCTGATAGTGTCTTA-1,3
ATCTGCACCTCTGCGA-1,3
ATCTGCTGTTATCGCC-1,1
ATCTGGGCTGTTCTTG-1,1
ATCTGGTTAAGACTGT-1,3
ATCTGTAATTGTACCC-1,1
ATCTTATCGCACACCC-1,2
ATCTTGACCTGCAACG-1,1
ATCTTGACTTGTCCAA-1,1
ATCTTTCGTATAACCA-1,2
ATGAAGCCAAGGAGCC-1,1
ATGACGCCGGCTCTAA-1,1
ATGACGCGTTCTATCC-1,1
ATGACTATCAGCTGTG-1,3
ATGACTATGCGACATT-1,3
ATGAGGAGTGTTAATC-1,1
ATGATCGGGAATAGAC-1,1
ATGATGCAATGGTACA-1,2
ATGCACGCGCTGTTCA-1,3
ATGCACTACCGCATTG-1,1
ATGCATGATCCAGGAT-1,1
ATGCCAATCGCTCTGC-1,2
ATGCCATTTGCGACCA-1,1
ATGCCGGTCTTGCATA-1,1
ATGCCGGTTGATGGGA-1,2
ATGCGACAATTGGTCC-1,2
ATGCGACAGTCCCATT-1,3
ATGCGAGTCCCACCAC-1,3
ATGCTCAGTGTTGCAT-1,1
ATGCTCTGGCGCGGTA-1,1
ATGCTTAGGAGTTGAT-1,1
ATGGAAATTTAAGGAG-1,3
ATGGAACCTTTGCACA-1,2
ATGGACTGCTTAGTTG-1,1
ATGGAGCAGGCCGTGA-1,1
ATGGATCCGGCGTCCG-1,2
ATGGATTGACCAAACG-1,1
ATGGCAGCATTACGAT-1,3
ATGGCAGCCGAGAAAC-1,1
ATGGCGGAATAGTCGC-1,2
ATGGCTGGAAATGGCC-1,2
ATGGGACCTGCTGAAC-1,1
ATGGGCCTCGGCCTCT-1,1
ATGGGTGTATACCTCC-1,2
ATGGTATTGGGAACCG-1,2
ATGGTATTTACTGATT-1,3
ATGGTCGCGTGGTTTC-1,1
ATGGTTACGAAACATG-1,2
ATGTAAGGCTGCTCTT-1,1
ATGTACATGCGGTGAG-1,1
ATGTACGATGACGTCG-1,1
ATGTAGCGCGCGTAGG-1,2
ATGTCTTGTTTGACTC-1,2
ATGTGAAAGCCTAATG-1,1
ATGTGCATCCGACGCA-1,3
ATGTGGACATCTTGAT-1,1
ATGTTACGAGCAATAC-1,1
ATGTTCCTGCCCACCT-1,3
ATGTTCGTCGACCCAC-1,3
ATGTTGATTAGAGACT-1,2
ATGTTGTAGTCTGTTT-1,2
ATGTTTCGGCCCGGAG-1,1
ATTAAACATGCGGACC-1,3
ATTAATACTACGCGGG-1,1
ATTAATGAACCAGTCG-1,1
ATTAATTCGGTCACTC-1,1
ATTACAACTACCGGCC-1,1
ATTACATGTCAGTCTT-1,3
ATTACCACACTGCCTG-1,4
ATTACGACTCCACAGT-1,1
ATTACGCGCTGGCAGG-1,2
ATTACTAGCCTCTTGC-1,3
ATTACTTACTGGGCAT-1,1
ATTAGATTCCTCAGCA-1,2
ATTAGATTGATAGCGG-1,1
ATTAGGCGATGCTTTC-1,2
ATTATACTTTGCTCGT-1,2
ATTATAGCTACTTTAC-1,2
ATTATCGGAATGTACG-1,3
ATTATCTCGACAGATC-1,2
ATTATGAGACCCAATT-1,3
ATTATGCCATAGGGAG-1,3
ATTATTATGTCCGTCA-1,1
ATTATTCAGAGTCACT-1,2
ATTCAACCATTTAAGG-1,1
ATTCACTGATGTTGGA-1,2
ATTCAGGACCTATTTC-1,2
ATTCAGTAGCAGGGTC-1,1
ATTCATATACTGTCCA-1,1
ATTCATCGTTGAGGCA-1,2
ATTCCCACATAAACAA-1,1
ATTCCTAAGACGTGGA-1,1
ATTCCTCCGCCAGTGC-1,1
ATTCCTTCCAGGCGGT-1,2
ATTCGACGCCGGGCCT-1,1
ATTCGCAGAGGACACT-1,2
ATTCGCGCCTTGAGAG-1,2
ATTCGTGCTATCTCTT-1,4
ATTCTCGTCTCTTTAG-1,1
ATTCTGAGTATGAACT-1,2
ATTCTTCGTACTTATG-1,1
ATTGAAGATCTTAGTG-1,3
ATTGACCGGCGATGAC-1,2
ATTGACGTAACTCGGT-1,2
ATTGATAGCAACGAGA-1,3
ATTGATCACCACATTT-1,3
ATTGATGAGTCCTAAC-1,3
ATTGCCTATTAGACCG-1,1
ATTGCCTTTATGTTTG-1,5
ATTGCGATCAGTAACT-1,3
ATTGCTGCTCCTCCAT-1,1
ATTGGATTACAGCGTA-1,2
ATTGGGAATATCTTGG-1,3
ATTGGGAGTTCTGTAA-1,1
ATTGGTTGTGCATTAC-1,2
ATTGTACAACTCGGCT-1,1
ATTGTCGCAATACCTT-1,1
ATTGTCTGTTTCATGT-1,1
ATTGTGACTTCGCTGC-1,2
ATTGTTCAACGATCCG-1,1
ATTTAACTCGTATTAC-1,1
ATTTACAGTTTACTGG-1,2
ATTTACTAAGTCCATT-1,2
ATTTATACTGGTAAAG-1,1
ATTTCATTATTTCGCG-1,2
ATTTCCGGGTTCTGCG-1,2
ATTTGCGCGAGTAGCT-1,1
ATTTGTCTTGGGAGCT-1,2
ATTTGTTCCAGGGCTC-1,1
CAAACCCTCCGGCGGG-1,1
CAAACGAGTATCGCAG-1,3
CAAACGGTCGCACTTT-1,3
CAAACTACGATAGAGA-1,2
CAAACTATTGAGCTTC-1,2
CAAAGATTATTGGGCC-1,1
CAAAGGTCATCTGAAA-1,3
CAAAGGTTAAATTCAG-1,2
CAAAGTCAGGTTAGCT-1,3
CAAATCTCTCACAAGG-1,1
CAAATGTCCTTCCGTG-1,5
CAAATTGGATTATGCC-1,2
CAAATTGTCAGCAAGC-1,2
CAACACATCTCCTGCC-1,2
CAACCAGTGGCCTACC-1,1
CAACCTACCGAGCAGT-1,1
CAACCTGAACCTGCCA-1,2
CAACGACCCGTTTACA-1,3
CAACGATCGATCCAAT-1,2
CAACGCGATGAGCCAA-1,1
CAACGGTTCTTGATAC-1,4
CAACGTGGTGGAGTCT-1,1
CAACTATATCGAATGC-1,2
CAACTCCGTAACTTGC-1,1
CAACTCCTTGATCCCG-1,1
CAACTGAGGGTATGAC-1,2
CAACTGCTCATCCGAT-1,1
CAACTTGTAGTGGGCA-1,2
CAAGAAACCCTAAACT-1,2
CAAGACTCAGAAGCGC-1,2
CAAGAGGGCGGAGTAC-1,3
CAAGATATTATAACGT-1,3
CAAGCAACGTCGGAGT-1,3
CAAGCACCAAATGCCT-1,1
CAAGCGGCACATAATT-1,2
CAAGGATCGCATGTTC-1,3
CAAGGCCAGTGGTGCA-1,1
CAAGGTCCTATAGGCT-1,2
CAAGTAAGTGATAGAC-1,1
CAAGTGAACTTTGGTT-1,1
CAAGTGTGGTTGCAAA-1,3
CAATAAACCTTGGCCC-1,1
CAATACGCTCTGAGGC-1,3
CAATATGTAGATTTAC-1,2
CAATATTCTTGACCTA-1,1
CAATATTGGACTAGTG-1,1
CAATCCCTATACCAGC-1,3
CAATCCTGCCGTGGAG-1,1
CAATGACCCTTAATTT-1,2
CAATGAGGTTCGACTA-1,1
CAATGCGAGAAGTATC-1,1
CAATGGAATCTACATA-1,2
CAATGGATCTCTACCA-1,2
CAATGGTCGGCCTGGG-1,2
CAATGTGCCAACCCTT-1,1
CAATTAAGGGTGATGA-1,1
CAATTTCGTATAAGGG-1,1
CAATTTGACCGGGAAG-1,3
CACAAACCGCAGAACT-1,1
CACAAGAAAGATATTA-1,1
CACAAGCTAAGAAAGG-1,3
CACAATGAGCTGCTAT-1,2
CACACACGCTAACGAG-1,1
CACACAGCTTGCGCTC-1,4
CACACAGGGATAGATT-1,2
CACACGCGCTGTCTTA-1,1
CACACGTTTCAATGGG-1,2
CACACTTGTATTGCGA-1,1
CACAGAGACGAGGACG-1,3
CACAGCACCCACGGCA-1,3
CACAGCTAGGGAGTGA-1,2
CACAGGGCCATATAGT-1,2
CACAGGGCCGTTGTCA-1,5
CACAGTCCCGCTTCGC-1,1
CACAGTTCGCTTCCCA-1,3
CACATATTAGCAGGAT-1,1
CACATCGTGCACGCGC-1,1
CACATCTCACCGACGA-1,1
CACATGATTCAGCAAC-1,3
CACATGTTTGGACATG-1,4
CACATTCTTTCGATGG-1,2
CACCACGCCACACAGA-1,3
CACCAGTCAGCATGCA-1,1
CACCATCGGAGGAGAC-1,2
CACCATGATCGCAAAG-1,2
CACCCAAATCTTATGT-1,1
CACCCACACGTCACCC-1,1
CACCCACGAGGCAATT-1,1
CACCCGCGTTTGACAC-1,1
CACCCGGTTTGTGACT-1,2
CACCCTAACAAGATCT-1,2
CACCCTTGGTGAGACC-1,3
CACCCTTTCCTCGCTC-1,2
CACCGATACACCGAGC-1,2
CACCGATGATGGGTAC-1,1
CACCGCCAGAAGGTTT-1,3
CACCGCCGACCAGCGA-1,1
CACCGCGTCCACTCTA-1,1
CACCGGAGATATCTCC-1,2
CACCGGGCATCACAAG-1,2
CACCGGTAGAGACATT-1,3
CACCGTATCCCATCCG-1,1
CACCGTTAGGGATCAC-1,2
CACCGTTGCGCGATAT-1,3
CACCTAATAGAGTCGT-1,1
CACCTAATCAGTTTAC-1,2
CACCTCGATGGTGGAC-1,1
CACCTTGCGAAACTCG-1,2
CACGAAAGTTAGTCCC-1,4
CACGACGTAATAGTAA-1,2
CACGAGCAAACCAGAC-1,3
CACGCACAGCGCAGCT-1,2
CACGCAGCGAGGCTTT-1,1
CACGCGGAACTGTTGC-1,1
CACGGACGTGGATGGC-1,1
CACGGCGCGCCAAAGG-1,1
CACGGGATTGAGGGTT-1,3
CACGTCAATCAATGGA-1,1
CACGTCGGCAACCTCT-1,1
CACGTCTATGATGTGG-1,2
CACGTTCGTGCTCTAG-1,1
CACGTTTCGTACACAC-1,1
CACTAAAGTTGCCTAT-1,1
CACTACGGGAGCTGCC-1,4
CACTCAAGAGCTATGG-1,5
CACTCAGCTCTTGAGG-1,2
CACTCCTATGTAAGAT-1,2
CACTCCTCTCGGTCGG-1,2
CACTCGAGCTGAACAA-1,3
CACTCGGTTAGGAGGA-1,1
CACTCTCAAGCATCGA-1,2
CACTCTTCTGCTAGCC-1,3
CACTGACGATTGTGGA-1,1
CACTGTCCAAGTGAGA-1,1
CACTTAATCAGACGGA-1,1
CACTTCGCCACAGGCT-1,3
CACTTCGTCTTATCTC-1,4
CAGAACTTAGCCCTCT-1,1
CAGAATAACACACGGA-1,3
CAGAATATTCGTTATC-1,4
CAGACACCGATCGCTG-1,3
CAGACCTGTAAGTGTT-1,3
CAGACGAACCTGATAC-1,3
CAGAGACGGTCACCCA-1,1
CAGAGCATGAGCTTGC-1,3
CAGAGCGATGGATGCT-1,2
CAGAGGCGATGCATGA-1,3
CAGAGTGATTTAACGT-1,2
CAGATAATGGGCGGGT-1,3
CAGATACTAACATAGT-1,1
CAGATATGAAGATGAC-1,3
CAGATCATTTAAAGTC-1,3
CAGATCCTGGTTTGAA-1,3
CAGCAGCCCGTTCCTT-1,2
CAGCAGTCCAGACTAT-1,1
CAGCAGTCTGTGCTGC-1,5
CAGCCGGGCCCTCTAT-1,1
CAGCCTCCTGCAGAGG-1,3
CAGCCTCGATAGCGGT-1,4
CAGCCTCTCCTCAAGA-1,1
CAGCGATTCCCTTCAA-1,1
CAGCTCACTGAGACAT-1,3
CAGCTCGACAAGTTAA-1,1
CAGCTCGTGCTTGTGT-1,2
CAGCTCTGGGCTCACT-1,2
CAGCTGGCGTAACCGT-1,1
CAGCTTAGTAGGTAGC-1,4
CAGGAAGACTTTATAT-1,2
CAGGACAGCTGCCCTT-1,2
CAGGATATATCGTTGT-1,3
CAGGCAGTCTTACCAG-1,3
CAGGCCAGTACCACCT-1,1
CAGGCCGTTTGGGTGT-1,1
CAGGCGCACGGTGGTC-1,3
CAGGCGCCATGCTAGG-1,1
CAGGGAGATAGGCCAG-1,3
CAGGTTTAGTACTACA-1,2
CAGTAACTATTTATTG-1,3
CAGTAATCCCTCCCAG-1,1
CAGTACATTCTCTAAA-1,1
CAGTACCAGTTTACGT-1,2
CAGTAGCCCACGCGGT-1,2
CAGTCCAACGCCTTCT-1,2
CAGTCGAGGATGCAAT-1,1
CAGTCTCTCGGCTAAT-1,2
CAGTCTGTATACTGGG-1,1
CAGTGAATAAATGACT-1,2
CAGTGGTTGCACATGA-1,1
CAGTGTCCGCAGAATG-1,1
CAGTGTCGGCTGGCCC-1,1
CAGTGTTAATCTCTCA-1,3
CAGTTCAAATTGACAC-1,1
CAGTTCCGCGGGTCGA-1,1
CAGTTCGAGGACCCGA-1,3
CATAACGGACAGTCGT-1,1
CATAAGAAGCTTGGCT-1,1
CATAAGCTCTCCGTCT-1,1
CATAATGAGCGGGCGA-1,2
CATACAAAGCCGAACC-1,1
CATACACGGTTCCCAC-1,1
CATACCCGTACCCAGT-1,4
CATACGAACTAGCTGG-1,1
CATACGGCGTCTGGGC-1,3
CATACTATGTAATTGT-1,3
CATACTTAGGCAATAC-1,3
CATACTTCTTTCTCCG-1,1
CATAGAGGAGATACTA-1,1
CATAGCCGCCCGGGAT-1,3
CATAGCGTTGCCCACC-1,1
CATAGGGACACTTGTG-1,3
CATAGTACATTGAGAG-1,2
CATAGTAGCATAGTAG-1,1
CATAGTCAAATACATA-1,1
CATAGTCCACAAGAAC-1,1
CATAGTGGGCACGCCT-1,2
CATATACTACTGATAA-1,1
CATATAGGTACAGTCA-1,5
CATATGTCAGGCTACG-1,1
CATATTATTTGCCCTA-1,3
CATCAAACTGGCGCCC-1,1
CATCATCTACCCGGAC-1,2
CATCATTACCCTGAGG-1,1
CATCCAATATAGTTTG-1,3
CATCCCGAGATTCATA-1,1
CATCCTCTCAAAGATC-1,3
CATCGCCCGCGGCCAA-1,2
CATCGGACGGGTTAAT-1,5
CATCGTCCGGTTACTA-1,3
CATCTACCCGAGAACG-1,1
CATCTATCCCGTGTCT-1,1
CATCTGCAGGATCATT-1,3
CATCTTACACCACCTC-1,2
CATGAACCGACATTTG-1,2
CATGACTTCGCTGAAT-1,1
CATGAGATGCACTCTC-1,1
CATGAGTCCATCACGG-1,2
CATGATCGCTTTGAGA-1,2
CATGATGCACAATTCT-1,1
CATGCACATGAGAGGC-1,3
CATGCATGGAGACCCT-1,2
CATGCCAACTCGCAAA-1,3
CATGCGACCAGTTTAA-1,1
CATGCGTTAGACAGAA-1,2
CATGCGTTGAGAGGAG-1,1
CATGCTGGCTCCAATT-1,1
CATGGAAATGGGACCA-1,2
CATGGATTGTCTTCCG-1,3
CATGGCAGGAAGATCG-1,3
CATGGGTATGCCTTAT-1,2
CATGGGTCGGGTGTGG-1,1
CATGGTAAGTAGCGTT-1,3
CATGGTATTAGTTTGT-1,1
CATGGTCTAGATACCG-1,1
CATGGTTTATTAATCA-1,1
CATGTAAGAGACATTT-1,1
CATGTAGGAGCGCCAA-1,2
CATGTCTCATTTATGG-1,2
CATTACATAGATTGTG-1,2
CATTACGCAGGAAGGG-1,1
CATTACGTCGGCCCGT-1,2
CATTATCCCATTAACG-1,2
CATTATGCTTGTTGTG-1,1
CATTCCCATTCCGTCG-1,2
CATTCCCTAAGTACAA-1,4
CATTCGTCGTAGCGGT-1,3
CATTGATGAACACGCC-1,3
CATTGCGAAATGGGCG-1,3
CATTGCGGGTCAATTC-1,1
CATTGTGTGCTAGATC-1,4
CATTTAGCGGACCATG-1,2
CATTTCTAGCAGACTA-1,3
CATTTGAGTGGTACGT-1,3
CCAAACAGAACCCTCG-1,1
CCAAAGCAGTTGGTTG-1,3
CCAAATAACAAGATTC-1,3
CCAAATCAAAGGGCAA-1,3
CCAACCTTATGTAACT-1,1
CCAACGATGCACTGAT-1,1
CCAACGCTTGCCAGGG-1,2
CCAACTTGATAGATCC-1,3
CCAAGAAAGTGGGCGA-1,3
CCAAGACTTCTGCGAA-1,1
CCAAGCGTAACTCGTA-1,1
CCAAGGAACAGAGAGG-1,2
CCAAGGTTGCCCTTTC-1,3
CCAAGTTTCTACAGAT-1,3
CCAATAGTGCCGTCGA-1,3
CCAATCGGTAGATCGA-1,2
CCAATGTCACAGCAAG-1,1
CCAATTACGGGTCGAG-1,1
CCAATTGAATGTTAAT-1,1
CCACAATGTACGTCTT-1,2
CCACACTGAGATATTA-1,3
CCACAGCTGAAATCAT-1,1
CCACAGTACCCATCCT-1,3
CCACATACTGCACCCA-1,4
CCACCAACTTTACTGT-1,2
CCACCCAAGGAAAGTG-1,1
CCACCTGTATGGAATA-1,2
CCACGAATTTAACCTC-1,3
CCACGAGAAGAGAATC-1,2
CCACGGAGCCATAAGA-1,3
CCACGGCAGGTGTAGG-1,1
CCACGGTGCCCGGTAG-1,2
CCACGTAAATTAGACT-1,1
CCACTATCCGGGTCAC-1,2
CCACTCAGATCCGCAA-1,1
CCACTGGTGGCTGGTT-1,1
CCACTGTTTGGATTAA-1,4
CCAGAAACTGATGCGA-1,1
CCAGAAAGCAACTCAT-1,3
CCAGAGACAAAGCCGG-1,3
CCAGATAGTTGAGTGA-1,2
CCAGATGTAAATGGGT-1,1
CCAGCCTGGACCAATA-1,1
CCAGCGGGATCACCAG-1,3
CCAGCTACGCCTCATA-1,2
CCAGCTCGAACGCATT-1,3
CCAGCTGATGGTACTT-1,1
CCAGCTTCCGCCCGCA-1,4
CCAGGCGAGATGGTCT-1,1
CCAGGCTGGCGTCTGA-1,1
CCAGGGACGTGGCCTC-1,3
CCAGTAGTCTGATCCA-1,1
CCAGTCAAATCTCTTA-1,3
CCAGTCCATTATTCGA-1,3
CCAGTCTAGACGGCGC-1,2
CCAGTCTTGTCATAGA-1,1
CCAGTGTACAGACCGA-1,3
CCAGTTCGGTAACTCA-1,1
CCATAAACAACCCGAC-1,3
CCATACCTTTACTTGT-1,3
CCATAGGTTGGCGTGG-1,3
CCATAGTCAGTAACCC-1,4
CCATATGGAAACTATA-1,1
CCATATTGGATCATGA-1,3
CCATCCATACCAAGTC-1,1
CCATCGCAGTTAAACT-1,1
CCATCTCACCAGTGAA-1,3
CCATCTTGTTCACAAT-1,1
CCATGCCCTAGATTTC-1,2
CCATGCCTGTTTAGTA-1,1
CCATGCTCTGCAGGAA-1,1
CCATGGCAAACGCTCA-1,2
CCATGGCCCTTGTACC-1,1
CCATGTTCATCTATAT-1,2
CCATTAGCGATAATCC-1,3
CCATTCCCTGCCCACA-1,1
CCATTGTTTCCTCCAT-1,2
CCATTTCTACCTATTA-1,2
CCCAAACATGCTGCTC-1,1
CCCAACATACGTCGCG-1,2
CCCAACCACACTAACA-1,1
CCCAAGTCATTACACT-1,2
CCCAATGAGATTTGCA-1,1
CCCAATTTCACAACTT-1,2
CCCAGAGGAGGGCGTA-1,2
CCCAGGAAGAATTCGA-1,2
CCCAGGTCTGAAGGCT-1,2
CCCAGTAAACTTGGGA-1,3
CCCAGTTAAGGCGCCG-1,2
CCCATATAGGTCGATT-1,2
CCCATTATTGTATCCT-1,2
CCCGAAGTTTCGCGAA-1,3
CCCGACCATAGTCCGC-1,3
CCCGAGTTTCTCCGTA-1,4
CCCGATAGCCTCGCCT-1,2
CCCGCAGCGCGAACTA-1,1
CCCGCAGGGCCCAAAG-1,2
CCCGCCATGCTCCCGT-1,4
CCCGCGCAATGCACCC-1,3
CCCGGGTCGTTCAGGG-1,3
CCCGGTGGAAGAACCT-1,1
CCCGGTGTATCGGAAT-1,3
CCCGTAAGTCTAGGCC-1,2
CCCGTAGCTGGGAAGA-1,2
CCCGTCAGCGTCTGAC-1,1
CCCGTTTCGCAGATGT-1,3
CCCTACCCACACCCAG-1,2
CCCTACTTGAACAATG-1,1
CCCTAGTGTCAGGTGT-1,4
CCCTATGTAGAGCAGA-1,1
CCCTCAGATCGAGAAC-1,1
CCCTCATTCTGGAATT-1,3
CCCTCCTCGCTCGTAT-1,3
CCCTCGATAATACACA-1,1
CCCTGAAATGAGTTGA-1,1
CCCTGACTAACAAATT-1,3
CCCTGCCCAATCCGCT-1,1
CCCTGCGCTACGCATA-1,1
CCCTGGTATGGGCGGC-1,2
CCCTGTTGGCAAAGAC-1,3
CCCTTTAATGGAGTTC-1,1
CCCTTTGACAGGTCTT-1,1
CCGAAAGTGGTGAGCA-1,1
CCGAACACTGGGCCTC-1,1
CCGAACCTTCCCGGCC-1,1
CCGAAGGGCGTACCGC-1,2
CCGAAGTATATTGTTC-1,4
CCGACAAACACATGAG-1,4
CCGACAAAGGGAGTGC-1,1
CCGACAATAGGCCGCC-1,1
CCGACGGGCATGAGGT-1,3
CCGACGTAAACACAAC-1,3
CCGAGCTGTGCTTGTC-1,1
CCGAGGGATGTTAGGC-1,2
CCGATATGACGTAAGG-1,2
CCGATCTCAACCTTAT-1,1
CCGATCTTAAGAGGCT-1,2
CCGATTCGAGGGACCC-1,1
CCGCACAAAGACCAAC-1,1
CCGCACACGAACGTGT-1,4
CCGCACGTGACCTCGG-1,2
CCGCACTTGCAATGAC-1,1
CCGCATGTGGTACGAT-1,1
CCGCCGGAACTTCTCG-1,3
CCGCCGGTCAACACAC-1,3
CCGCCTGCGAATTGGT-1,3
CCGCCTTGCGATGTCG-1,1
CCGCGATTTGGTAGGT-1,3
CCGCGGAATGCGTCAC-1,3
CCGCGGGTACGAAGAA-1,3
CCGCGTAGGTAAGGGC-1,1
CCGCTATCAGCACCAG-1,3
CCGCTCCAGGGCGATC-1,2
CCGCTCCGGATAAGCT-1,1
CCGCTCTTCCGAACTA-1,3
CCGCTGGTGCCATTCA-1,2
CCGCTTACCTCACTCT-1,1
CCGCTTGCTGACATGG-1,2
CCGGAAGTTATCAGTC-1,3
CCGGAATGGTTTCAGT-1,1
CCGGAGCGTACTTTCT-1,1
CCGGAGGTCTTATGGT-1,2
CCGGCACGACCGTTTC-1,2
CCGGCGCATATTGGAT-1,1
CCGGCGTGAGACTCTG-1,1
CCGGGACCCGCAGAGA-1,1
CCGGGCGGTCTCGTCA-1,3
CCGGGCTAAGAATTTC-1,3
CCGGGCTGCTCCATAC-1,1
CCGGGTTCGAGGTTAC-1,4
CCGGTAATGGCTAGTC-1,2
CCGGTTTGTAATTGTG-1,2
CCGTAAGTTGGTCCCA-1,3
CCGTACCCAAGCGCCA-1,1
CCGTAGGAAATCCCTG-1,1
CCGTAGGGTTGTTTAC-1,1
CCGTATCTCGTCGTAG-1,1
CCGTATTAGCGCAGTT-1,2
CCGTCAACCTCTGGCG-1,3
CCGTGAGGCATTCATG-1,1
CCGTGCCCATGACGGC-1,2
CCGTGGAACGATCCAA-1,2
CCGTGTTAAATTCCAT-1,2
CCGTTACGTTAGAACA-1,1
CCGTTCCGAATCTCGG-1,1
CCTAAAGGCTGACGCT-1,2
CCTAAATTAACGGTTC-1,1
CCTAAATTGTATCCTA-1,3
CCTAACCCAAACAAGT-1,1
CCTAACTAAGGCTCTA-1,2
CCTACAAGTCCGGAAT-1,2
CCTACATTCACAGACG-1,2
CCTACGGCTCAGTCGA-1,3
CCTACTCAACACGATT-1,1
CCTACTGCGGCGGCCA-1,5
CCTACTGCTTACACTT-1,2
CCTAGGCGTAGCGATC-1,1
CCTAGGTAAAGGTAGC-1,3
CCTAGTTAGTCGCATG-1,2
CCTATAATGAGTGCCC-1,2
CCTATACCGTCCTGTC-1,1
CCTATATCGTGTCACG-1,3
CCTATATTTGTCCTGG-1,2
CCTATCTATATCGGAA-1,2
CCTATGAAGTGGTGCC-1,1
CCTATGGCTCCTAGTG-1,1
CCTATGGGTTACCGTC-1,1
CCTATGGTCAAAGCTG-1,1
CCTATGTCCACTCCAC-1,2
CCTCACCAATCTTGAC-1,1
CCTCACCTGAGGGAGC-1,1
CCTCACCTTAGCATCG-1,2
CCTCACGTCAGCTAAT-1,2
CCTCATGCAGCTACGA-1,3
CCTCCCGACAATCCCT-1,2
CCTCCGACAATTCAAG-1,4
CCTCCTAGCTAGAGTC-1,3
CCTCCTGAGCCCACAT-1,3
CCTCCTGTTGTGTCGT-1,2
CCTCGAAGTGGACGGG-1,2
CCTCGCCAGCAAATTA-1,2
CCTCGCGCGATATAGG-1,1
CCTCGCGCTGTGCGAT-1,1
CCTCGGACCGGGATAG-1,2
CCTCGGATGCTACCTG-1,3
CCTCGGTTTCCTTGCC-1,2
CCTCGTTACGCCTGTT-1,2
CCTCTAATCTGCCAAG-1,1
CCTCTACAAGGATTGG-1,2
CCTCTATCGATTAGCA-1,1
CCTCTCTCCCATCTAG-1,4
CCTCTGGCCTAGACGG-1,2
CCTCTGTACTATTCTA-1,1
CCTGAACGATATATTC-1,1
CCTGAATATTTACATA-1,2
CCTGACCACCGATGGT-1,3
CCTGAGAATAAATGCA-1,2
CCTGCCCGTTGTCTAG-1,3
CCTGCGATAGAACTGT-1,2
CCTGCGTTCTACGCTT-1,3
CCTGCTATTTGAGAAG-1,3
CCTGGAAACGTTCTGC-1,1
CCTGGCTAGACCCGCC-1,1
CCTGGTCGAATGTGGG-1,2
CCTGTAAGACATGATA-1,3
CCTGTACTCACGCCCA-1,3
CCTGTCACCCGGGCTC-1,2
CCTGTCCCTCACGTTA-1,3
CCTGTCGCCCGTAAAT-1,3
CCTGTTCAACCTCGGG-1,1
CCTGTTTGAAGACACG-1,2
CCTTCAGTTAAAGTGA-1,3
CCTTCCGCAACGCTGC-1,1
CCTTCGTATAGAATCC-1,2
CCTTCTCAGCGTTCCT-1,1
CCTTCTTGATCCAGTG-1,2
CCTTGACCACTTTATT-1,3
CCTTGTGAACGTGGTT-1,2
CCTTTAAGGGAGCACT-1,2
CCTTTCAATGAAGAAA-1,1
CGAAACATAGATGGCA-1,2
CGAAACGCAATTCATG-1,1
CGAACAGTATGGGCGT-1,3
CGAACATAGTCAGAAA-1,1
CGAACCCGCATGCGTC-1,3
CGAACCTCTTTCCTAG-1,1
CGAACGCCCAGTGCCG-1,2
CGAACGGCCGGACAAC-1,1
CGAAGATCAGTTTCAT-1,2
CGAAGCTATAAATTCA-1,2
CGAAGGGTTTCAGATT-1,3
CGAAGTTGCTCTGTGT-1,1
CGAATCTGCTCGACGC-1,1
CGAATGAAGTCATTGC-1,4
CGAATGACGCATAATG-1,5
CGAATGGTAGGTCGTC-1,2
CGAATTCCCGGTTCAA-1,1
CGACAATTTGATCTAA-1,3
CGACACCGCTTAAGGA-1,2
CGACACGCTCCGACAG-1,1
CGACACGGATGCCCAC-1,1
CGACAGTTCGCGTTAT-1,3
CGACATGCGATCTTCT-1,2
CGACCCTTAACGCCGG-1,3
CGACCGTTGGTATTCG-1,3
CGACGCATCCGTACCT-1,3
CGACTCAGGATGTTAT-1,2
CGACTCGGTACACGGT-1,2
CGACTTTGTATAGCCT-1,2
CGAGACCCTAGAGTGT-1,1
CGAGACTACTGCTGCT-1,1
CGAGAGATGTGAACCT-1,1
CGAGAGCGCGTAGATA-1,1
CGAGAGCTTTCACTAC-1,1
CGAGAGGGTAGCCGCG-1,1
CGAGATTTCGCTCGGG-1,4
CGAGCACTTCAAGTTT-1,3
CGAGCGTTGATCAGCC-1,2
CGAGCTGGGCTTTAGG-1,3
CGAGGAGCTTCCATAT-1,1
CGAGGATCGGGAACGA-1,2
CGAGGCCAGGCATTGG-1,1
CGAGGCTAAATATGGC-1,1
CGAGGGACTGCGGTCG-1,1
CGAGGGTATCCAGGTG-1,5
CGAGTACTAAAGAGGA-1,1
CGAGTGAAGGTACCAG-1,1
CGAGTGCTATAGTTCG-1,2
CGAGTTCTGTCCCACC-1,1
CGAGTTTATCGGACTG-1,3
CGATAACCAATTTGAG-1,2
CGATACCTCGCGGACA-1,2
CGATAGTCGTACTGCA-1,1
CGATATTAGCCGCAGG-1,2
CGATCATTAGAGGCAC-1,2
CGATCCACCATTGTTG-1,1
CGATCCGACCCAGTGC-1,1
CGATCCTCGCAACATA-1,1
CGATCGAGAAGCACCA-1,1
CGATCTGTTGGAGGAC-1,3
CGATGGACCCTACGCC-1,3
CGATGTTGTTATCTAC-1,3
CGATTAAATATCTCCT-1,1
CGATTCGCCTGGCTGC-1,3
CGATTTGTCATTAATG-1,1
CGCAAACACGAGTTAC-1,3
CGCAATTACTTTCGGT-1,1
CGCAATTAGGGTAATA-1,1
CGCAATTCTACAATAA-1,1
CGCACATGTCCACTAC-1,2
CGCACGTCTGTTTATG-1,2
CGCACGTGCGCTATCA-1,3
CGCAGAAACATTTGCG-1,2
CGCAGATCTTCACCCG-1,2
CGCAGGCGATCCAAAC-1,1
CGCATCATGGCTTCAG-1,2
CGCATCCATCAGCCAG-1,1
CGCATGCCGAATGCGT-1,2
CGCATGGTGCGATGCT-1,3
CGCATTAGCTAATAGG-1,3
CGCCAAGAAGCCGAGT-1,1
CGCCACAGGTCGCGAT-1,3
CGCCATCCGATTATGA-1,2
CGCCCAGCACGCCTAG-1,1
CGCCCAGCGTTTCACG-1,1
CGCCCGCTTCCGTACA-1,3
CGCCCTTGAAGGCTGA-1,1
CGCCGCCCATGCCTGT-1,1
CGCCGCGTTCTGAACG-1,2
CGCCGGTGTCGCAGTA-1,1
CGCCGTCTACCCATCG-1,1
CGCCGTTCAGCATAGT-1,1
CGCCTCCCTCCTCTAT-1,3
CGCCTGGCCTACGTAA-1,1
CGCCTTTAGCATGCTC-1,4
CGCGAAGTGGCATACT-1,2
CGCGACACTGCGCAGC-1,3
CGCGACCGCGACAGAT-1,2
CGCGAGAGGGACTTGT-1,2
CGCGAGTCTGCCGGGT-1,3
CGCGCAAATGTCCAGA-1,1
CGCGCATGTTTGATTG-1,3
CGCGCCCGACTTAATA-1,1
CGCGGCAGTATTACGG-1,4
CGCGGCTCAACTTGAA-1,3
CGCGGGAATTAGGCAG-1,2
CGCGGGAATTCCTTTC-1,2
CGCGGTAAGTCTAGCT-1,2
CGCGGTACGGTATACA-1,2
CGCGGTCACAAACCAA-1,2
CGCGTACATTCTGGAA-1,2
CGCGTTCATGAAATAC-1,3
CGCTACGGGACATTTA-1,1
CGCTAGAGACCGCTGC-1,2
CGCTATACCGCCCACT-1,1
CGCTATTCAATGTATG-1,1
CGCTATTCTTAGGCTC-1,3
CGCTCGACATAATGAT-1,1
CGCTCTCCGTAGATTA-1,1
CGCTGGTGACTACCCT-1,1
CGCTGTGACGCCGCAC-1,2
CGCTGTGTGGATGTTG-1,2
CGCTTAGTATTGATAC-1,1
CGCTTATTCCCGGTCG-1,2
CGCTTCCACTGAAATC-1,4
CGCTTCGGTCTAAGAC-1,2
CGCTTGGACGGATAGA-1,1
CGCTTTCATACCGGTG-1,2
CGCTTTCCGCCAAGGT-1,2
CGCTTTCTTGCATTCG-1,1
CGGAAAGAATCAAACG-1,1
CGGAACGTAAACATAG-1,2
CGGACCTTTACGTCCC-1,2
CGGAGCAATTTAATCG-1,1
CGGAGCATGGCGATCC-1,1
CGGAGCTTATAACACC-1,2
CGGAGTTTGAGAGACA-1,1
CGGATCCTCAAGGACT-1,1
CGGATGAATGCTGTGA-1,3
CGGCAAACATCGTGCG-1,2
CGGCAATAAGATCGCC-1,1
CGGCACCGTTAGCGCC-1,2
CGGCACTCAAGAAAGT-1,2
CGGCAGGGTCGGGTTG-1,1
CGGCCACGCACAAAGT-1,3
CGGCCAGAGCGACCAT-1,1
CGGCCCAACCTGTAGT-1,2
CGGCGCCATCAATCCC-1,1
CGGCTCTTCGTCGAAC-1,2
CGGCTTTGTATGATAA-1,1
CGGGAAGTACCGTGGC-1,2
CGGGAATATAGTATAC-1,4
CGGGAATTTATGTAAA-1,3
CGGGAGCTTCAGTGTA-1,3
CGGGATCAATGTAAGA-1,3
CGGGCAGCTAAACCGC-1,3
CGGGCCATAGCCGCAC-1,4
CGGGCCTTCTTTGTAA-1,5
CGGGCGATGGATCACG-1,1
CGGGCTACTTAAATTG-1,2
CGGGTGTACCCATTTA-1,1
CGGGTTCGGCACGTAT-1,2
CGGGTTTGTTAGGGCT-1,1
CGGTACTAGAATCAAA-1,1
CGGTAGAGGTGCAGGT-1,1
CGGTATAGGTATTAGC-1,2
CGGTATGGGCACTCTG-1,2
CGGTCAAGTGGGAACC-1,3
CGGTCAGTCCATATTT-1,2
CGGTCCATGAGACTCC-1,2
CGGTCCGTCGCAAGCC-1,1
CGGTCTATCAACCCGT-1,2
CGGTGAAGACTAAAGT-1,1
CGGTGCAGATAGAACG-1,2
CGGTGCGCGTTGGTCC-1,1
CGGTGGGCTCCAGCCT-1,3
CGGTGTACTTGATCCC-1,3
CGGTTATCCAACAGTG-1,1
CGGTTCAAGTAGGTGT-1,1
CGGTTCCGGCTTCTTG-1,3
CGGTTGACCTGGCATA-1,1
CGGTTGAGTATCCTTC-1,1
CGGTTGGGCAGGGTCC-1,2
CGGTTGGGTTCAAGTT-1,1
CGGTTTATGAAGGAAC-1,2
CGTAAACGCTTGAGTG-1,2
CGTAAAGCAAGAAATC-1,1
CGTAAATAACAAAGGG-1,1
CGTAACTTCGACACTT-1,1
CGTACCGAAAGTCTAG-1,3
CGTACCTGATAGGCCT-1,1
CGTAGAGAGTAATTAT-1,3
CGTAGCGAATTGTCAG-1,2
CGTAGCGCCGACGTTG-1,1
CGTATCTAGAACTAAG-1,3
CGTATTAAGAGATCTA-1,1
CGTATTGTTTCCTAAT-1,1
CGTCAAATGGTCGCAG-1,2
CGTCAATCTTTAACAT-1,3
CGTCACGTCCATTGGT-1,3
CGTCAGCTATTTACTC-1,3
CGTCAGTGCGCACAAG-1,2
CGTCCTCATCGCGTGC-1,2
CGTCGCATGTGAGCCA-1,5
CGTCGCGGCGGGATTT-1,3
CGTCGCTTGGTTATAC-1,2
CGTCGGATAGTGTTGA-1,3
CGTCGGGTCTAAGCGC-1,1
CGTCGTCCTTCGCGAA-1,1
CGTCTCTCGCCGAGGC-1,1
CGTCTGGAAGGGCCCG-1,2
CGTCTTGAGTGTGACG-1,1
CGTGAAGTTAATTCAC-1,5
CGTGACATTGGGTCGT-1,2
CGTGACCAGTCCTCTG-1,1
CGTGCACACCACTGTA-1,2
CGTGCAGACTGGGACA-1,2
CGTGCATTGTCGACGC-1,2
CGTGCCCTCCCGAAGA-1,1
CGTGCTGGCCTAGTCG-1,2
CGTGCTTCTACCTAAA-1,3
CGTGGAAGCCTCGTAC-1,4
CGTGGCCGAATATCTA-1,4
CGTGGTACCCAAAGGC-1,2
CGTGTATGGGAGCTGA-1,2
CGTGTCCCATTCGCGA-1,2
CGTGTCTCGTTACGAC-1,3
CGTGTGTTAAACCCTG-1,2
CGTTAAACTAGTTAGG-1,4
CGTTAAATACGACCAG-1,2
CGTTAATGTCCCGACG-1,1
CGTTAGCTCACAACTG-1,2
CGTTCAAGGAAACGGA-1,3
CGTTCAGACCCGCGAA-1,1
CGTTCATGGTGCGCGT-1,3
CGTTCTTCGCACACCT-1,2
CGTTGAATACCGCGCT-1,2
CGTTGAGCGACCGTCG-1,1
CGTTGAGTAATTGCGT-1,2
CGTTGCCCGCGTGGGA-1,1
CGTTGTAAACGTCAGG-1,4
CGTTGTAAGATTGATT-1,3
CGTTGTCGGCAATTGA-1,3
CGTTGTTTCAATTCCC-1,1
CGTTTAAGCGGAGCAC-1,1
CGTTTACAAGGCAGCT-1,2
CGTTTCACTTCGGGCG-1,2
CGTTTCGCTCATTACA-1,1
CGTTTCGGTTATATGC-1,2
CGTTTGGTGTTGTGGG-1,2
CGTTTGTGTAGAGGGT-1,1
CTAAAGAATGCCTACT-1,4
CTAAAGGGAAATAGGA-1,1
CTAAATCCGGTGTACA-1,1
CTAAATCCTATTCCGG-1,2
CTAACCGCGCGCCCGT-1,4
CTAACGAAACTTGCTG-1,3
CTAACTGATAATCGCC-1,3
CTAACTGGTCCGGTTC-1,1
CTAAGGGAATGATTGG-1,1
CTAAGTACAGGGCTAC-1,2
CTAATTATGAAGCGTA-1,2
CTAATTCGCACGCGCT-1,1
CTAATTCTCAGATATT-1,1
CTAATTTCAACAACAC-1,1
CTACAAGAAATAACCC-1,1
CTACACTCGCAGATGG-1,1
CTACATATCGCGGGAC-1,1
CTACCCTAAGGTCATA-1,1
CTACGACTAGCTATAA-1,1
CTACGATCCTATCCTA-1,3
CTACGCACGGAGTACC-1,3
CTACGCCATTTCCGAT-1,2
CTACTATCATAGGTTT-1,1
CTACTATCTTTCAGAG-1,1
CTACTCAAGGTATAGT-1,2
CTACTCTAGGCCCGGC-1,1
CTACTGCCACCTGACC-1,1
CTAGACATATATGTAG-1,2
CTAGACTGCATTTCGT-1,2
CTAGATAAACTCCTCG-1,2
CTAGATGTGAGTGTAA-1,1
CTAGATTTACGACGGC-1,2
CTAGCATAGTATAATG-1,3
CTAGCCACAGGCGAGC-1,2
CTAGCCGATGTTATGA-1,2
CTAGCTTAATGGTCCC-1,3
CTAGGCGCCCTATCAG-1,3
CTAGGGATAGGGACAA-1,2
CTAGGTCTGAAGGAAT-1,2
CTAGGTTCGGACGTGA-1,1
CTAGTAGAAAGGGATT-1,5
CTAGTATTCGGAATTA-1,3
CTAGTCACGTCTTAAG-1,1
CTAGTGAAGGACAGGA-1,1
CTAGTTACAACCCGGT-1,1
CTAGTTGGGCCCGGTA-1,1
CTATAAGAGCCAATCG-1,1
CTATAAGTAGGGTTTG-1,2
CTATAGGCGTTGATGT-1,2
CTATATCCAGCCTGGC-1,2
CTATCACAACGCTGGA-1,1
CTATCGACGAAATACA-1,3
CTATCGCGTAGAGAAC-1,2
CTATCGGGTCTCAACA-1,1
CTATGAACACCTTGCC-1,2
CTATGCCCGAATGCAA-1,5
CTATGGGAAGCGGAAT-1,3
CTATGTCACTAGCCCA-1,1
CTATGTCTATTGAAAC-1,3
CTATGTGAGTCACGGC-1,1
CTATTCATGTGTCCCA-1,1
CTATTGTGTTTGGTCA-1,2
CTATTTGCTTGGAGGA-1,1
CTATTTGGTTACGGAT-1,3
CTCAAACCACTGCCCG-1,2
CTCAACTAACCCGGAT-1,3
CTCAAGACATTAGCGC-1,3
CTCACACGCAAGCCTA-1,3
CTCACATTTACTAAAT-1,1
CTCACCGATCCAAACT-1,1
CTCACTTGGCTGGTAA-1,1
CTCAGAGCTAATGTCG-1,2
CTCAGGACTCACCTGT-1,1
CTCAGTCACGACAAAT-1,1
CTCATAAATGTGTATA-1,2
CTCATCACTTAGTGAT-1,2
CTCATGGCTCACAATC-1,2
CTCATGGTAATTTGCG-1,3
CTCATTAACGTTGCCC-1,2
CTCATTGCTCTAACAA-1,1
CTCATTTGATGGGCGG-1,2
CTCCCAATGAGTCGCG-1,4
CTCCCTCCTTTCGATC-1,1
CTCCGCCCACATGAGG-1,1
CTCCGGCCTAATATGC-1,1
CTCCGGCTTGTAGACA-1,4
CTCCTAAGTTATGTCT-1,1
CTCCTAGTAATCGTGA-1,2
CTCCTCCAGCTCACAC-1,2
CTCCTGTTCAAGGCAG-1,1
CTCCTTTACGCAAGTC-1,2
CTCGAATGGAACGTAT-1,4
CTCGAGACATACGATA-1,3
CTCGAGATCCAAAGCA-1,3
CTCGAGGCAAGTTTCA-1,2
CTCGAGGTCGAACAGT-1,3
CTCGATATTTGCGAGC-1,2
CTCGCACCTATATAGT-1,1
CTCGCATTGCATAGCC-1,3
CTCGCCGAATGTAGGG-1,2
CTCGCTAGGTAAGCGA-1,1
CTCGGGATAACACCTA-1,1
CTCGGGTTCTCTGGCC-1,1
CTCGGTACCACTGCTC-1,2
CTCGGTCCGTAGCCTG-1,3
CTCGGTTGTCGGCCCT-1,3
CTCGTCGAGGGCTCAT-1,3
CTCGTCTGTGCCTTCG-1,2
CTCGTTACGGCTACCA-1,2
CTCGTTTCTAATGTTT-1,2
CTCTAATGCATTGATC-1,2
CTCTACACTGGCGATT-1,2
CTCTACATCCTGCGTG-1,2
CTCTAGCCCTCGGAAA-1,1
CTCTATTTGGCTGCAG-1,1
CTCTCACAATCGATGA-1,2
CTCTCTAACTGCCTAG-1,2
CTCTGCAGGCATTCTT-1,1
CTCTGCGAAGCAAGCA-1,1
CTCTGGACGCCTGGTG-1,3
CTCTGTTTGAGGATTC-1,2
CTCTTCTATTGACTGG-1,4
CTCTTCTGGAAGTTAG-1,2
CTCTTGTCCCGCTTGG-1,2
CTGAAACGGCCCTCAG-1,3
CTGAAAGAGATCCGAC-1,3
CTGAATCCGAGACCTC-1,3
CTGAATTTATTGCCAG-1,3
CTGACATAGAAATAGA-1,3
CTGACTGCGCAGCTCG-1,1
CTGAGAAAGTTCGGCG-1,4
CTGAGAGTAGAAATAC-1,3
CTGAGCAAGTAACAAG-1,3
CTGAGCGAGACTTATT-1,2
CTGATAGTGTATCTCA-1,3
CTGATCCCTTTATGCA-1,2
CTGCAAGCACGTTCCG-1,4
CTGCACAACTACATAT-1,3
CTGCACCTAGTCCACA-1,1
CTGCACCTGGAACCGC-1,1
CTGCACTCCAGTACAG-1,2
CTGCAGAGAATCAGAG-1,1
CTGCCAAGGTTGGAAG-1,1
CTGCCATGCATCACAT-1,3
CTGCCTAGCCACCAAG-1,2
CTGCCTCATATGCAAC-1,2
CTGCCTTTAATACCTT-1,2
CTGCCTTTCTAGTAAA-1,2
CTGCGACCTCGCCGAA-1,2
CTGCGATTTCGAGATT-1,2
CTGCGGGTGAAATGTT-1,1
CTGCGGTAGTCACGTG-1,2
CTGCGTTACGATATAA-1,2
CTGCTCTCAACACACC-1,3
CTGCTCTGACGGCAAA-1,2
CTGCTGAGGCCACGAA-1,1
CTGCTGTCTAACGAGC-1,4
CTGCTTGGCGATAGCT-1,2
CTGCTTTATGTCCGCG-1,2
CTGGAAATGGATGCTT-1,1
CTGGAAGACACGGTGG-1,1
CTGGACGCAGTCCGGC-1,3
CTGGATTTACACTTGA-1,3
CTGGCATCCGAATGAG-1,1
CTGGCGACATAAGTCC-1,1
CTGGCGATTTACATGT-1,2
CTGGCGCACAGGTCTG-1,1
CTGGCGGGAATAAGTA-1,4
CTGGCTCCTGCGGGAT-1,1
CTGGCTGATTCATCCT-1,1
CTGGCTGGTTGTCAGT-1,3
CTGGGATAAATAATGG-1,1
CTGGGATACGCTACCC-1,1
CTGGGCCTGCTATATC-1,1
CTGGGCTATCCTTTGG-1,1
CTGGGTAGGCAGTTAA-1,1
CTGGGTTGAGTTAAAG-1,3
CTGGTAAAGACTTACA-1,2
CTGGTAAAGTGTGGGC-1,1
CTGGTAACACATAGAA-1,3
CTGGTAACGAGCTCTT-1,1
CTGGTCATTCCAATCC-1,4
CTGGTCCTAACTTGGC-1,2
CTGGTGAATGGGCCTA-1,3
CTGGTTCAACGCATCA-1,2
CTGGTTTCGAGCAAGA-1,3
CTGTACTTCTTAGCAT-1,1
CTGTAGCCATCTCACT-1,1
CTGTAGTGAGGATCGA-1,1
CTGTATGGTGTAGAAA-1,3
CTGTCAAATGGCTCGG-1,1
CTGTCACGCCAGGCGC-1,2
CTGTGCAGGGTAGGTC-1,3
CTGTGGTCGGGAGATA-1,1
CTGTTACCCAATCTAG-1,1
CTGTTCACTGCCTGTG-1,1
CTGTTCATCTCACGGG-1,1
CTGTTGTTCAGTCGTA-1,1
CTTAAATAAGACCCAT-1,3
CTTAACTTACAGTATA-1,3
CTTAACTTCGAAGTAC-1,2
CTTACACGGTATTCCA-1,1
CTTACACTGGGAAATA-1,3
CTTACATAGATTTCTT-1,2
CTTACTGACTCCTCTG-1,2
CTTAGATGTTTCATCC-1,2
CTTAGCCCGGATAGTG-1,3
CTTAGCCTTCCACATG-1,2
CTTAGGTATAGACCAG-1,3
CTTAGGTCCCAATCGT-1,5
CTTAGTAGGCCTACAG-1,3
CTTAGTGTAGTAGCAT-1,1
CTTAGTTGAGGAATCG-1,2
CTTATAGATGGCTGTT-1,2
CTTATGCGCTCAGGGC-1,3
CTTATGTTGACTACCA-1,3
CTTCAACTCCACTTGG-1,2
CTTCACGCCCTGGTAC-1,3
CTTCAGTGGTCGCCTA-1,1
CTTCAGTTGGACAACG-1,1
CTTCATAGCTCAAGAA-1,4
CTTCATTGTCAGTGGA-1,1
CTTCCGCTCCGTGAAG-1,3
CTTCGATTGCGCAAGC-1,3
CTTCGGCCAATTGTTT-1,4
CTTCGTAGATAGGTGA-1,1
CTTCTATGTTGAAGTA-1,2
CTTCTATTAATGCTAG-1,3
CTTCTGGGCGTACCTA-1,2
CTTCTTACGTCGTATA-1,2
CTTGACCCGAAAGATA-1,2
CTTGAGGTTATCCCGA-1,2
CTTGAGTTAGGGTAAT-1,1
CTTGATGACCATCCAG-1,1
CTTGCAACCGCCTCCT-1,2
CTTGCCCACCCACGCA-1,2
CTTGCCCAGGCTCTAC-1,5
CTTGGCCAAGCTGGGA-1,3
CTTGTACTTGTTGACT-1,3
CTTGTCAACATTCGAG-1,2
CTTGTGAGTCTTTGAC-1,2
CTTGTGCTCACCGATT-1,2
CTTGTTGCTGAGTCAA-1,1
CTTGTTTATGTAGCCA-1,1
CTTTAACTTTCAAAGG-1,3
CTTTAATATTGGTCGA-1,1
CTTTACCGAATAGTAG-1,1
CTTTAGGAACACTGTT-1,2
CTTTAGTGCTATTATT-1,1
CTTTCTGTGCGGGCTT-1,1
CTTTGCATCGCTCTTG-1,2
CTTTGCTGTCATGGAT-1,1
CTTTGGCAGACAGAGT-1,2
CTTTGGCGCTTTATAC-1,1
CTTTGGCTTTAGTAAA-1,1
CTTTGGGATTGTTGCA-1,2
CTTTGTCGAATGCTCC-1,1
GAAACAGATGACCACC-1,1
GAAACAGCCATGCAGT-1,1
GAAACATAGGAAACAG-1,1
GAAACCATGGTGCGCT-1,2
GAAACCGAATTACCTT-1,3
GAAACCTATACAAATG-1,1
GAAACTCGTGCGATGC-1,1
GAAACTCTAATGAAGG-1,2
GAAAGAACAGCGTTAT-1,3
GAAAGCAGTGCACTTT-1,3
GAAAGCCCTTTGGACC-1,3
GAAAGTGACTAACTGC-1,1
GAAATACCTGCTGGCT-1,2
GAAATACTAAACGTTT-1,1
GAAATATCACCATCAG-1,1
GAAATATGCTTGAATG-1,2
GAAATCGCGCGCAACT-1,3
GAAATGGCGGTGTTAG-1,1
GAAATGGGATGTAAAC-1,4
GAAATTAGCACGGATA-1,1
GAAATTCACATCGCTG-1,2
GAAATTGTCTCTATAA-1,5
GAACAACTGGGATGAA-1,3
GAACACACATCAACCA-1,1
GAACAGATTACTAAAT-1,2
GAACATTAGTATGTTA-1,2
GAACCCTCTGTGTTCT-1,3
GAACCTCGACCTACAC-1,3
GAACGACCGAATGATA-1,3
GAACGATAAGTTAAAG-1,2
GAACGCGGGTCACACG-1,4
GAACGGTGTAAAGCAG-1,2
GAACGTCTCATGGTCG-1,1
GAACGTTAGGAAGACG-1,1
GAACTGTGGAGAGACA-1,1
GAACTTAGCGCCCGGT-1,4
GAACTTGTGCACGGGA-1,2
GAAGAAACGATATTGT-1,1
GAAGAACGGTGCAGGT-1,2
GAAGCCACTGATTATG-1,1
GAAGCCTGCACATTCC-1,3
GAAGCGTGAGGAATTT-1,3
GAAGCTCGGACCCGTC-1,1
GAAGCTTGCTGACCGC-1,3
GAAGGAGTCGAGTGCG-1,1
GAAGGCTACCATTGTT-1,2
GAAGGGCATAACCATG-1,3
GAAGGGTCATTAAGAC-1,2
GAAGTCAGTTGCACTA-1,1
GAAGTCTCCCTAGCGA-1,1
GAAGTGATTTATCGTG-1,1
GAAGTGCTGGATAGCT-1,1
GAAGTTTCCACTCAAT-1,1
GAATAGACGCGACCCA-1,1
GAATAGCATTTAGGGT-1,4
GAATAGCCCTGCGGTC-1,2
GAATAGTGCTCGATTA-1,1
GAATATTCGGAGTCCC-1,2
GAATCGACATGGTCAC-1,1
GAATCGCCGGACACGG-1,1
GAATCTGAACATTCTC-1,3
GAATGAAGGTCTTCAG-1,1
GAATGCGAATCGGTTC-1,5
GAATGTATGGCAGGTC-1,2
GAATGTGGTCCGGATT-1,1
GAATGTTGGGTAATCT-1,3
GAATTATAGTGAAAGG-1,3
GAATTCACCCGGGTGT-1,3
GAATTTCTCGCTGCAG-1,1
GACAAACATATGCAGG-1,4
GACAACGACCATTGAA-1,3
GACAACGCAGCTTACG-1,3
GACAAGACGCCCGTGC-1,3
GACAAGAGATGAGATT-1,1
GACACAAGGGAAGAAA-1,3
GACACAGCCGGGACTG-1,1
GACACCCAAAGACGCG-1,1
GACACGAGTTAGAGGA-1,1
GACACTGAGTTCAGTG-1,2
GACACTGGAACCCGAT-1,3
GACACTTCCAATTACC-1,1
GACAGATTTCTGGCTC-1,3
GACAGCCAGACCTGAC-1,1
GACAGGCACACACTAT-1,1
GACATACTGTCGCAGA-1,3
GACATCCGTCGAACTG-1,5
GACATCGATTTATAAC-1,3
GACATTTCGCCCAGCC-1,1
GACCAAACGTTGACTG-1,3
GACCACACTTCCCTTT-1,3
GACCAGAGCCCTGTAG-1,3
GACCCAATTATGATAC-1,1
GACCCGTCGCCGGCTA-1,1
GACCGACGTGAAAGCA-1,2
GACCGACTGAAGCGTC-1,1
GACCGATTAAATATGT-1,3
GACCGCGTCTGACGTG-1,4
GACCGTCAGGTCGTGA-1,2
GACCGTGCTGACGGTG-1,3
GACCTTCCACGTCTAC-1,5
GACGACGATCCGCGTT-1,2
GACGAGGCTAATAAAC-1,1
GACGATATCACTGGGT-1,2
GACGCCGTAAAGGCTA-1,1
GACGCCTGTTGCAGGG-1,1
GACGCTTGCTTCTAAA-1,3
GACGGGTTGGCCCGTA-1,1
GACGGTCAATAGAAGC-1,3
GACGTGAGACTCCATG-1,2
GACGTGTAGGGATTAT-1,2
GACGTTCGTAAATACA-1,3
GACGTTGCTCGGCGGC-1,2
GACTAACACAGCACCT-1,1
GACTAAGATCATGCAC-1,1
GACTAAGTAGGCTCAC-1,1
GACTACAAAGCGGTGG-1,1
GACTACAATTGCTCGT-1,2
GACTAGGCCGTTAGGT-1,5
GACTCACCCACGTGAG-1,1
GACTCCCAGAATAAGG-1,1
GACTCCTTCCAATTGA-1,3
GACTCGCGGGAATGAC-1,3
GACTCGGTCGGCGGAT-1,2
GACTCTAGAGTTCCAA-1,2
GACTGATTGGTCACAA-1,1
GACTGCAAATCGAGCT-1,1
GACTGCACCAGCCCAG-1,3
GACTGCGGCACGTGTA-1,4
GACTGCTGGTGAGAAA-1,2
GACTGGGCGCCGCAAC-1,4
GACTTCAACGCATCAA-1,1
GAGAAACTGGATCCCA-1,4
GAGAACGGTTCTGACT-1,2
GAGACCCTGCAACGCC-1,1
GAGACTGATGGGTAGA-1,3
GAGACTTCGCGACCGA-1,1
GAGAGGCCTATGTGTA-1,1
GAGAGGGCGCGAGGTT-1,3
GAGAGGTGCATTCTGG-1,1
GAGAGTCTCGGGAGAG-1,2
GAGATCTGCTTGGCAT-1,1
GAGATCTGTCACTCCG-1,3
GAGATCTTCCATGACA-1,1
GAGATGACAATCCTTA-1,1
GAGATGGCTTTAATCA-1,1
GAGATGGGAGTCGACA-1,2
GAGCACCTGTGTCCAG-1,3
GAGCATCAACAACTTG-1,1
GAGCATCATCCCTGGG-1,1
GAGCCACGGTAGTAGG-1,2
GAGCCAGCTACCTGTG-1,1
GAGCCGAGCGTTTATT-1,1
GAGCGAGGGAGTACCG-1,3
GAGCGCAAATACTCCG-1,3
GAGCGCGCACGAGTAG-1,3
GAGCGCTGTTAGGTAA-1,1
GAGCGGAATGCGGTGT-1,2
GAGCTAAGGGCATATC-1,2
GAGCTCAACATGAGCG-1,3
GAGCTCTCGGACCTAA-1,3
GAGCTGTCGTCTCGGA-1,2
GAGGAATATCTCTTTG-1,2
GAGGAATGGAGAGGTT-1,3
GAGGATAAACAGTGCT-1,1
GAGGCATTTGCAGCAG-1,2
GAGGCCCGACTCCGCA-1,1
GAGGCCTGTTGATACA-1,1
GAGGCTATCAAAGTCG-1,3
GAGGGAGTCAGATCGC-1,1
GAGGGCATCGCGTATC-1,3
GAGGGCCATAATATTA-1,1
GAGGGCCGGCAGAGTC-1,1
GAGGGCGCAGCTCTGC-1,1
GAGGGTAGTAACAAAG-1,1
GAGGTACATCCATCTT-1,2
GAGGTACGCGTGTCCC-1,3
GAGGTCCCAAAGATCT-1,1
GAGTAAACCGGAAAGT-1,4
GAGTAAATTAAGAACC-1,1
GAGTAAGGCCACGGGA-1,1
GAGTACGGGTATACAA-1,1
GAGTAGATACTAGTTG-1,3
GAGTATACCCTAATCA-1,2
GAGTATCAAAGTTACA-1,2
GAGTATGCCCGCCTTG-1,2
GAGTATGCGCGTGCAT-1,5
GAGTCAGACCAGAATC-1,1
GAGTCCGCTTACCGGA-1,3
GAGTCGACAGACCCTC-1,3
GAGTGCACGGACAACA-1,5
GAGTGTCAACCAGAAA-1,5
GAGTGTGCGGTACCCA-1,3
GAGTTGATGGCAATTT-1,3
GATAAATCGGTGGATG-1,2
GATAACTCGCACTGTG-1,1
GATAAGGCAGATGCAA-1,2
GATACGATGGGAGTCA-1,1
GATAGAACCCGCTAGG-1,1
GATAGATAGTACAGTC-1,1
GATAGGATTAATTACA-1,4
GATAGGTAACGTTGAC-1,1
GATAGGTGTCCCGGGC-1,4
GATAGTGCGAGTAAGT-1,2
GATATCAGTATGTATC-1,3
GATATCTCATGCAATA-1,1
GATATGAGACACTAAC-1,1
GATATGCGGTAGCCAA-1,1
GATATTGAGATTGGCG-1,1
GATATTTCCTACATGG-1,2
GATCAACATAAAGGGA-1,3
GATCATTCCAAACATT-1,3
GATCCCTTTATACTGC-1,3
GATCCGAATATAAGTG-1,3
GATCCGGGAATTAACA-1,1
GATCCTAAATCGGGAC-1,1
GATCCTCGACACTGGC-1,1
GATCCTCTTGCGCTTA-1,2
GATCGACACTATCTGA-1,2
GATCGCGGGCTCTCCA-1,3
GATCGCTACCCGATTT-1,1
GATCGCTATATCTCAG-1,3
GATCGCTGTGGTGCGT-1,3
GATCGGATAGAACCAT-1,1
GATCGGCGATAAGTCG-1,4
GATCGGTGGCCATAAC-1,3
GATCGTGACTGATATC-1,1
GATCTAACCGTATTCA-1,1
GATCTCGACGCTGTGG-1,4
GATCTGCTATCTAAGG-1,3
GATCTTCATTGTCCTC-1,3
GATCTTGGAGGGCATA-1,1
GATCTTTGCAGGGTAT-1,1
GATCTTTGCTCAAAGA-1,3
GATGACAAGTAGGGCA-1,2
GATGACGATGATCGCG-1,2
GATGAGGAACCTTCGG-1,5
GATGCCAGCAGAAGGC-1,4
GATGCCTTCTGCGGCA-1,3
GATGCGAATGGTATTA-1,3
GATGCGTCCTGCATTC-1,3
GATGCTACAAGCGCCT-1,3
GATGCTACCTTCGATG-1,1
GATGCTGTATTTCATC-1,2
GATGGCGCACACATTA-1,3
GATGGTGAAATAACCC-1,3
GATGGTGCCCTAGGCA-1,2
GATGTAACGAACCACC-1,1
GATGTCCGGATCACAT-1,1
GATGTCGGTCAACTGC-1,2
GATGTGTTGTCACAAG-1,2
GATGTTCAATCCACGA-1,1
GATGTTTGTGCGAGAT-1,1
GATTAACCGAAAGCCC-1,1
GATTACTGAATTTGGG-1,2
GATTAGAAACAAGCGT-1,1
GATTCCCTTGTCGCAG-1,1
GATTCCGCGTTTCCGT-1,1
GATTCCTATACGGCGC-1,1
GATTCGACGGTTCACG-1,1
GATTCTGTTAATGAGT-1,3
GATTGCTCCAGTTGCA-1,1
GATTGGGAAAGGTTGT-1,5
GATTTAGTGCGTACTG-1,2
GATTTGCGCTAACACC-1,1
GCAAACCCTACATTAT-1,1
GCAAACCTTGGCCATA-1,1
GCAAACGTCGCCAGGT-1,3
GCAAAGGGCGTTAGCC-1,3
GCAAATATTACGCTTT-1,1
GCAACACACTAGAACT-1,1
GCAACAGCAGTATGCG-1,4
GCAACCACCAGACCGG-1,2
GCAACCACGGCCGCGT-1,1
GCAACGGCTAGTTATG-1,4
GCAAGAATTCCTTGGC-1,2
GCAAGATGTGTTCGCG-1,1
GCAAGTGCACAGAGAA-1,1
GCAAGTGTAAAGCATG-1,2
GCAATTAGTCGCACCG-1,2
GCACAAACCCTAGATG-1,1
GCACAACCTCGGGCGT-1,3
GCACAAGTGTCGGAAG-1,2
GCACACACTGGTAGCC-1,1
GCACACAGCTATTACC-1,2
GCACACGCCCATGGTC-1,1
GCACAGCACGGGCCGA-1,2
GCACCTAGGCGAGTCC-1,2
GCACCTTCCCGAAGGT-1,1
GCACGCCGATTCCCGC-1,1
GCACGCCTACTTAGAT-1,2
GCACGTGGTTTACTTA-1,2
GCACTAGTCGCGCTAT-1,1
GCACTGCCTACCTTTA-1,2
GCACTGTGCAAATGTA-1,1
GCAGAAACGTAATCCA-1,2
GCAGAAGGTAATCTCC-1,1
GCAGACCCAGCACGTA-1,1
GCAGATCCATAAGACT-1,1
GCAGATCCTCGCAAAT-1,3
GCAGATTAGGGATATC-1,1
GCAGCACACAGCCCAG-1,3
GCAGCCTATATCACAT-1,2
GCAGCGGTGGGCATTA-1,1
GCAGCTATGGACAGGT-1,1
GCAGCTGTCAACGCAT-1,1
GCAGGAACTTAGATCT-1,3
GCAGGACTATAGAATA-1,1
GCAGGTAGAGTATGGT-1,1
GCAGTGCGGGCGGATG-1,2
GCAGTGTGGCTATAGG-1,1
GCAGTTCGATCCGAGC-1,1
GCATAAATTGAACGCC-1,2
GCATACGAGGTCTTTA-1,1
GCATAGAGCACTCAGG-1,3
GCATCCCTAACTTTGA-1,1
GCATCGGCCGTGTAGG-1,2
GCATGACACAAAGGAA-1,1
GCATGAGGGACGCGGC-1,3
GCATGCTAATAACGAT-1,1
GCATTCAAGGCAACGC-1,2
GCATTCGAAATGAACA-1,4
GCATTGTAATTCATAT-1,1
GCATTTCCAAGGCTCC-1,2
GCCAACCATTTCCGGA-1,3
GCCAAGAATACTTCTG-1,1
GCCAATAGGGCATCTC-1,3
GCCACAATTTAAGGAC-1,2
GCCACTCAGAGCGCGA-1,1
GCCACTCCTTACGGTA-1,1
GCCAGGAAAGAACACT-1,1
GCCAGGAGTAACCGAT-1,1
GCCAGGCGTTCGCATG-1,1
GCCATATTGCACACAG-1,3
GCCATCGAGCTGCGTG-1,3
GCCATCGATGCTGCAT-1,1
GCCATTAGCCTCAAAC-1,3
GCCCACCAAGGCTGTC-1,3
GCCCACTGGTCCACAA-1,2
GCCCAGATGCTGGAGA-1,2
GCCCAGTTGGTATGCC-1,1
GCCCGACTTCTTCCCG-1,1
GCCCGATCTGTGGTCG-1,3
GCCCGATGCCCAGTTC-1,3
GCCCGCGCGTAAACGG-1,1
GCCCGCGCGTTTGACA-1,4
GCCCGTAATACCTTCT-1,1
GCCCTAGCCGTCGCGA-1,3
GCCCTGAGGATGGGCT-1,3
GCCGAAATTCCTACGT-1,1
GCCGACCCACGACTGC-1,1
GCCGATTGGCCAAGCT-1,1
GCCGCATTAGTCCGGC-1,3
GCCGCTTGTGAGAAAC-1,3
GCCGGGTTAGGGTCGC-1,5
GCCGGTCGTATCTCTC-1,1
GCCGTCGGTTTCGGGC-1,1
GCCGTGGAAGAAATGT-1,2
GCCTACGTTCTGTGCA-1,2
GCCTAGCGATCTGACC-1,4
GCCTATAGTGTCAGGG-1,1
GCCTATCAGGTAAGAT-1,3
GCCTATGCTGGGCCTT-1,2
GCCTATTCCGATATAG-1,3
GCCTATTTGCTACACA-1,3
GCCTCATCTGGAAATA-1,1
GCCTCCGACAATTCAC-1,3
GCCTCTATACATAGCA-1,2
GCCTGCTACACTGAGA-1,2
GCCTGTCCCGGTGCAT-1,2
GCCTTCAGCCCTACCG-1,1
GCGAAACGATCGGGAG-1,1
GCGAAACTTAACTGGA-1,1
GCGAAGAATCTGACGG-1,3
GCGAAGCCATACCCGT-1,3
GCGAATGGACTAGCGA-1,1
GCGACATGTAAACATC-1,2
GCGACCCAACCATCTG-1,2
GCGACGATAGTTGTAC-1,3
GCGACGGTAGTCTCCT-1,2
GCGAGAAACGGGAGTT-1,3
GCGAGAGGCCATGTAA-1,2
GCGAGAGTTGCGTCCA-1,3
GCGAGCGCATGCTCCC-1,2
GCGAGGCCCGAGCAGA-1,1
GCGAGTTCTGCAAAGA-1,1
GCGATTCTGGAAGCAG-1,2
GCGATTGTTAACGTTA-1,1
GCGCAAATATATTCAA-1,1
GCGCAAGAGCGCGCTG-1,2
GCGCATCCAGTCAGCA-1,1
GCGCCGTTCCACGATA-1,3
GCGCGGTCTAGTAACT-1,1
GCGCGTCATTGGTACA-1,2
GCGCTAATTGAATAGA-1,1
GCGCTATGCCGAGGCA-1,1
GCGCTCGATCACCTGT-1,4
GCGCTGATCCAGACTC-1,3
GCGCTGCTTTGCATTT-1,2
GCGCTTAAATAATTGG-1,3
GCGGACCGCGTTGTGG-1,1
GCGGAGAAACTTCGCA-1,1
GCGGAGAGGGAGAACG-1,1
GCGGATTACTTGTTCT-1,2
GCGGCAAAGTATTGCC-1,3
GCGGCTCTGACGTACC-1,1
GCGGCTTTAGCAAGTT-1,1
GCGGGAACCAGGCCCT-1,1
GCGGGCAGACGGGTGA-1,2
GCGGGCATTACGATGC-1,1
GCGGGCGAGCCTTACC-1,1
GCGGTAACCCAAATGA-1,1
GCGGTCCCGGTGAAGG-1,1
GCGGTCCCTAGACGCA-1,1
GCGGTCTTGCTTTCAC-1,2
GCGGTGAACTGCGCTC-1,3
GCGGTTCCCTATCATG-1,3
GCGTAAATGGCCATAA-1,2
GCGTCCCTAAGACATA-1,2
GCGTCGAAATGTCGGT-1,2
GCGTCGCCAGGGTGAT-1,2
GCGTCGTAACATGGTC-1,2
GCGTCTAACCTCCTAA-1,3
GCGTCTCTGCATTGGG-1,1
GCGTGGTACTGGGTTA-1,4
GCGTTCGGAGACCGGG-1,2
GCGTTCTGACTAAGCG-1,2
GCTAAACCTGAGGTGA-1,1
GCTAACTGAAGTCTGA-1,3
GCTAAGCCCAGTATGC-1,2
GCTAAGTAAAGGCGAT-1,4
GCTAAGTAGTTTCTCT-1,3
GCTAATACCGAATGCC-1,1
GCTACAATCGAGGATA-1,1
GCTACAGTACGGACCG-1,1
GCTACGACTTATTGGG-1,1
GCTACTATAGTAGAGT-1,1
GCTAGAGTAGAGATGT-1,1
GCTAGCACCTGGGCCA-1,3
GCTAGCAGGGAGTGGG-1,1
GCTAGCGATAGGTCTT-1,3
GCTAGCTTGAATAGCT-1,3
GCTAGGCACCACGGAG-1,3
GCTAGTAGAGCTTGTA-1,1
GCTAGTTTCATTGAGG-1,1
GCTATACGTCTCGGAC-1,1
GCTATCATACTCATGG-1,2
GCTATCGCGGCGCAAC-1,1
GCTCAACCTCTTAGAG-1,3
GCTCAATCCGTTTATT-1,3
GCTCAATGTAATACCG-1,3
GCTCATTACTGCATGT-1,2
GCTCATTGATCATATC-1,1
GCTCCATGAGTGCAGA-1,2
GCTCCATGCAAAGCAA-1,1
GCTCCGCTCGCTTCAG-1,4
GCTCCTGACATACTGG-1,1
GCTCGCGGTTCCGCTC-1,3
GCTCGCTCATGTCCAA-1,1
GCTCGGAATTTAAAGC-1,2
GCTCTAAACCCTGACG-1,1
GCTCTATGTTACGTGC-1,1
GCTCTCGGGTACCGAA-1,1
GCTCTTTCCGCTAGTG-1,1
GCTGAACTCTCCAGGG-1,4
GCTGAATCTTCCAATC-1,3
GCTGAGGCGTGAGTAT-1,3
GCTGCACGGTTTCTTA-1,1
GCTGCGAAGAATTATT-1,1
GCTGCTAAGTAGTCGA-1,1
GCTGCTACTGCGTAGC-1,1
GCTGCTCTCCGGACAC-1,1
GCTGGACCCAAAGTGG-1,2
GCTGGCATATTCACCT-1,4
GCTGGCGGCGCATGCT-1,3
GCTGGGAGCGCGTCAA-1,2
GCTGGTGACTCGTAGT-1,1
GCTGGTTTAGGCCATA-1,3
GCTGTATTACTGGCCC-1,1
GCTGTTGCTACCGAAC-1,1
GCTTAATGTAACTAAC-1,2
GCTTACGTAGTTAGTA-1,2
GCTTAGGGAAGCGGTA-1,1
GCTTATGAAGCAGGAA-1,1
GCTTCAGTGGGATTAC-1,2
GCTTCCAGCTTAGATT-1,1
GCTTCCATGTAACCGC-1,1
GCTTCCGTCCCTAGAC-1,1
GCTTCGACGTTCAATC-1,3
GCTTGAGTGACCTCTG-1,2
GCTTGATGATAATCAG-1,1
GCTTGCAGCACAATTG-1,1
GCTTGGATCGATTAGG-1,4
GCTTTACACAACTGGG-1,1
GCTTTCAGAGGAGGTG-1,3
GCTTTCTATCTCAACT-1,3
GGAAACAGAGCTTGGG-1,2
GGAAACCTTGTTGAAT-1,3
GGAAACTAAATGGGCC-1,1
GGAAAGGGAATTGAGC-1,2
GGAAAGTCTTGATTGT-1,1
GGAAAGTGCCCATGCC-1,3
GGAACCCGAACAAGAA-1,3
GGAACCGTGTAAATTG-1,3
GGAACCTTGACTCTGC-1,1
GGAACGGCCTGCAGCC-1,3
GGAACTTTGGCGATTA-1,4
GGAAGATAAGACTGTA-1,2
GGAAGCTCGCTTACAG-1,2
GGAAGGACACCGTATA-1,2
GGAATAACCTCAAGAA-1,2
GGAATGCGCTAGCGTG-1,1
GGACAACCATGAAGCC-1,2
GGACAAGTTGCAGTGA-1,2
GGACACCTCGGTGTTG-1,1
GGACCAACAGGATAAC-1,1
GGACCTACGGTAACGT-1,2
GGACCTCTAGGCCGCC-1,2
GGACGGCTTGCGCAAC-1,1
GGACGGGCGACCAACC-1,2
GGACGTCCATAGTTGG-1,1
GGACTCACAAATTAGG-1,4
GGACTCGAAGCTTTCA-1,2
GGACTCGACAGCGCAT-1,2
GGACTCGTGAGTGGTC-1,2
GGACTCTTCCGGTTGA-1,2
GGACTCTTTGACTAAG-1,2
GGAGAAGTCATTGGCA-1,1
GGAGACCAATGTGCTT-1,1
GGAGACCATCTACATA-1,3
GGAGACGACACCTTTG-1,1
GGAGCAACATTTCAAG-1,1
GGAGCACCAAGAACTA-1,1
GGAGCGAGGCCTACTT-1,1
GGAGGATTGAAAGGAG-1,2
GGAGGCCGAAGTCGTC-1,1
GGAGGGCTTGGTTGGC-1,1
GGAGGGTCAAGTAAGA-1,1
GGAGTGCCGCCCTGGA-1,1
GGAGTTGATTCTGTGT-1,3
GGATACTCATGAATTG-1,2
GGATCAAAGGACGAGG-1,1
GGATCATCCCGTACGC-1,1
GGATCCCTACCAGCTA-1,3
GGATCCGGAATATACT-1,1
GGATCTTACTGCCCTT-1,1
GGATCTTGACTCAACC-1,3
GGATGAAGATCGCTGA-1,3
GGATGACGCGAGTTTA-1,1
GGATGCTGGCGTTCCT-1,1
GGATGGCTTGAAGTAT-1,2
GGATGTCCTTACCGCA-1,4
GGATTAAGCTAAGGTC-1,2
GGATTAATCATGGACC-1,1
GGATTCAGTACGGTGG-1,1
GGATTCCGCTATACCC-1,1
GGATTGCTGTGACTCC-1,1
GGATTTCACTTCTATA-1,1
GGCAAAGGCGCCAATA-1,1
GGCAAATTACTTTACT-1,1
GGCAAGCCAGGGATAG-1,2
GGCAAGCCCATAGTGG-1,1
GGCAAGGCGAAATAGC-1,1
GGCAATAGTCAATGAG-1,2
GGCACGCTGCTACAGT-1,2
GGCACTCAGCCGACCC-1,1
GGCACTCCACTGGGCA-1,1
GGCACTGCGGTGGTTT-1,1
GGCAGCAAACCTATGC-1,1
GGCAGCGGTAATCCTA-1,1
GGCATACAGGTAGCGG-1,4
GGCATATCGGTTCTGC-1,2
GGCATTGAACATCTCA-1,2
GGCCAATTGTATAGAC-1,2
GGCCCAATCTAGAGGG-1,1
GGCCCAGCTGGTTTGC-1,1
GGCCCAGTTATCAGCA-1,2
GGCCCGGAGCATGTCT-1,1
GGCCCGTATACCATGC-1,2
GGCCCTCACCCACTTA-1,1
GGCCGAGACTCTGGTG-1,2
GGCCGCAGGAACCGCA-1,1
GGCCGGCGTCTGCTAT-1,5
GGCCGTTTGGGTTTCA-1,2
GGCCTGCTCTGATGTT-1,1
GGCCTGCTTCTCCCGA-1,1
GGCCTTTGCAACTGGC-1,3
GGCGAAATCTAACTTG-1,1
GGCGAACCGTTCTGAT-1,3
GGCGAGCGAAACGGCA-1,1
GGCGCAGGACATCTTC-1,1
GGCGCATGAATTGATG-1,5
GGCGCGGAGATCTTTC-1,2
GGCGCGTTCGAGTTTA-1,1
GGCGCTCCTCATCAAT-1,4
GGCGCTTCATTCCCTG-1,3
GGCGGAGTAATATTAG-1,1
GGCGGGCTCTAAGAGT-1,1
GGCGGTAGGATCATTG-1,1
GGCGGTTTGCCGGTGC-1,3
GGCGTAGGGAAAGCTG-1,5
GGCGTCCTATCCGCTG-1,3
GGCTAAAGGGCGGGTC-1,2
GGCTAATGATTGAAAT-1,1
GGCTACTATACACTCC-1,1
GGCTATTAAGTTGTAT-1,3
GGCTCCTCCACCTGTT-1,1
GGCTCGCGTTGAGGTA-1,1
GGCTCGTGCCACCAGC-1,4
GGCTCTGCTCCAACGC-1,3
GGCTGAAATAGCAAAG-1,3
GGCTGAGCATCGTAAG-1,3
GGCTGGCTAGCTTAAA-1,2
GGCTTTCAATAAGGGT-1,1
GGGAAAGAATGCCAAC-1,1
GGGAACGGGAGGTTAG-1,2
GGGAACGGTTTCAGAT-1,2
GGGAAGACGGTCTGTC-1,5
GGGAAGGGCTTTCTCA-1,1
GGGAATGAGCCCTCAC-1,3
GGGACAGAGTTACTCC-1,3
GGGACCCGTATATCTT-1,1
GGGACTGCATAGATAG-1,3
GGGAGAACTCACAGTA-1,1
GGGAGCGACCGTAGTG-1,1
GGGAGGATGCCCGAAA-1,3
GGGAGTAATGGCTGGC-1,2
GGGAGTTAATGAGGCG-1,1
GGGATATTGATCGCCA-1,2
GGGATCCCAATACAAA-1,2
GGGATGGTCGTAACCG-1,1
GGGATTTACCGCACCT-1,3
GGGCAACCGCACGTGC-1,1
GGGCACGTAGTACTGT-1,1
GGGCAGAGCAATCGTT-1,3
GGGCAGTCAACGCCAA-1,1
GGGCATGCATGTCGAG-1,1
GGGCCCGTCTTAAACA-1,1
GGGCCCTACGAAAGGG-1,1
GGGCCGGCCGAAGTAC-1,3
GGGCCTAAATGGGCTA-1,3
GGGCCTATTTAAGTAT-1,3
GGGCGATATGTGTGAA-1,3
GGGCGCAGCGTTACTC-1,1
GGGCGGCAAATGAATT-1,1
GGGCGGGTTCCCTACG-1,2
GGGCGGTCCTATTGTC-1,1
GGGCGTACATTTATAT-1,1
GGGCGTCACCACGTAA-1,3
GGGCGTCCACTGGCTC-1,1
GGGCGTGGTTTCCCAG-1,1
GGGCGTTTACATTCAT-1,2
GGGCTATGATCGATGG-1,1
GGGCTCATCGAACCCA-1,2
GGGCTGCCTAGGGCGA-1,1
GGGCTGGTTAGTCGCG-1,3
GGGTAATGCTGTGTTT-1,1
GGGTACCCACGGTCCT-1,3
GGGTACTTCATGAACT-1,1
GGGTATGTATGCACTT-1,4
GGGTATTCTAGCAAAC-1,3
GGGTCACCGTGACGGT-1,3
GGGTCAGGAGCTAGAT-1,3
GGGTCATGCGTACCAT-1,4
GGGTCGTGGCAAGTGT-1,2
GGGTCTATCGCTTTCC-1,1
GGGTGACACCTTAACT-1,3
GGGTGCATATGAAAGC-1,1
GGGTGGTCCAGCCTGT-1,2
GGGTGTTTCAGCTATG-1,1
GGGTTAACATTTGAGT-1,1
GGGTTCAGACGAACAA-1,4
GGTAAACTCTGCGCTG-1,2
GGTAAATGTGCGTTAC-1,2
GGTAACCGGGAGGATA-1,1
GGTAACTATGTATCTG-1,1
GGTACAAACATGCTAT-1,3
GGTACACCAGATTTAT-1,2
GGTACATCTGGGACGA-1,1
GGTACCATTAAGACGG-1,1
GGTACGTTGCGGCCGG-1,3
GGTACTAAGTGCTTTG-1,1
GGTAGAAGACCGCCTG-1,1
GGTAGACCGTTGGGCG-1,1
GGTAGGCCAATATCAC-1,2
GGTAGTGCTCGCACCA-1,1
GGTATAGTGACACATA-1,2
GGTATTGCCGAGTTTA-1,1
GGTCAAGACTACTTCG-1,3
GGTCACGTTAGATTCA-1,2
GGTCAGTGGGTCCCAC-1,3
GGTCATTGTAGTCATA-1,2
GGTCCACGTCTATTTG-1,2
GGTCCTTCATACGACT-1,3
GGTCGGATAAACGGCG-1,1
GGTCGGCCAGGAGCTT-1,1
GGTCGGTAATTAGACA-1,2
GGTCGGTCGTCCACAG-1,3
GGTCGTAAGCTCGCAC-1,3
GGTCTCCAAGTAGTGC-1,1
GGTCTCCGTCCAGGTT-1,1
GGTCTCTGAATGGACT-1,1
GGTCTGAGAATCTGGA-1,2
GGTCTTGAGCGCTCTT-1,1
GGTGAAACCGGGAATG-1,2
GGTGAACGGGCTAGCC-1,2
GGTGAAGTACAGGGAT-1,1
GGTGACTGATAGAGAG-1,3
GGTGAGATGCAGATAA-1,1
GGTGATAAGGAGCAGT-1,1
GGTGATTTCATCTTGT-1,1
GGTGCAGAGCCTATCG-1,2
GGTGCATAAATGATTA-1,2
GGTGCGGATAAGTGGC-1,3
GGTGCTGATCACAAAG-1,1
GGTGCTGGTACACATT-1,2
GGTGGACCACGTGTTA-1,2
GGTGGACTGCTCTGGC-1,1
GGTGTAAATCGATTGT-1,2
GGTGTAGGTAAGTAAA-1,1
GGTGTTGGGCGTCTTA-1,2
GGTTACCACCCTCGGG-1,2
GGTTACCCGACACTTT-1,2
GGTTAGCTATATGTCT-1,1
GGTTAGGCTTGGAGAA-1,1
GGTTAGGGATGCTAAT-1,1
GGTTAGTTACGGCGCC-1,2
GGTTCCCTAGTGTCTC-1,2
GGTTCGGATTATACTA-1,3
GGTTCTACTCGTCTGA-1,2
GGTTGTGCTCTTGTCC-1,3
GGTTGTGTAGCCTGGC-1,3
GGTTTAATTACCATCG-1,2
GGTTTAATTGAGCAGG-1,2
GGTTTACAATCTCAAT-1,1
GGTTTCAATCGGTCAG-1,1
GGTTTGACAAGAAGCT-1,2
GGTTTGAGTGCTGGAA-1,1
GGTTTGCGAACACGTA-1,1
GGTTTGTGACCTGAGG-1,1
GTAACAACTGACCTTG-1,2
GTAACATCTAAGATAA-1,1
GTAACTACGTAGACCT-1,3
GTAACTGCCCAAGGAG-1,2
GTAACTTGCGGCAGTC-1,2
GTAAGCGGGCAGTCAG-1,1
GTAAGGATTTGTCGGA-1,2
GTAAGTAACAGTCTGG-1,3
GTAAGTAGGGTATACC-1,3
GTAATAAAGGGCTCCC-1,1
GTAATCTGATTCTTCG-1,3
GTACACTTACCTGAAG-1,3
GTACAGAGGCAAGGGT-1,1
GTACGACGGCGCTGCG-1,3
GTACGAGATTGCGACA-1,1
GTACGCTTCATTGCAC-1,3
GTACGTCACGTATTAA-1,2
GTACGTTTGCCCGTCA-1,3
GTACTAAGATTTGGAG-1,3
GTACTACGGCCTCGTT-1,2
GTACTCCCTTATCGCT-1,3
GTACTCCTGGGTATGC-1,1
GTACTGAGGTCGTAAC-1,2
GTACTGCATGAAGCGT-1,2
GTACTGGAGTTAGACC-1,1
GTACTTGGGCACTTCT-1,1
GTAGAAACGGGTGGAG-1,1
GTAGACAACCGATGAA-1,2
GTAGACACGCCTGACT-1,3
GTAGACGTCGTTACAT-1,3
GTAGAGGGAGACAAGT-1,1
GTAGCCAAACATGGGA-1,3
GTAGCGCTGTTGTAGT-1,2
GTAGCGGCTATACACT-1,3
GTAGCTCCGGGAGGCT-1,2
GTAGCTTCCTCTTGTT-1,1
GTAGGTGATCCGTGTA-1,1
GTAGTCGCGGGAATCA-1,1
GTAGTGAGCAACCTCA-1,3
GTAGTTCGAAGGCGAA-1,2
GTAGTTTAAGCACACG-1,1
GTATAATCTCCCGGAT-1,3
GTATAGGACTCAGTAG-1,1
GTATCAAACGTTAGCT-1,1
GTATCAAGGTACTTCC-1,2
GTATCAGCTTGGGTTC-1,2
GTATCCTTTGGTAACC-1,1
GTATCTCAGTCTTGAC-1,1
GTATCTCGGGCGCTTT-1,3
GTATCTTTCATAACCA-1,1
GTATGAAATTTCACTC-1,1
GTATGACGTGGGAAAC-1,2
GTATGTGGGTCTAGTT-1,1
GTATTAAGGCGTCTAA-1,3
GTATTAGGGTTCGCGT-1,1
GTATTCTGAGAAACGA-1,2
GTATTCTTACCGTGCT-1,2
GTATTTAATGGCATAA-1,1
GTCAAAGAAGTGGTGT-1,1
GTCAAAGTTTACATAG-1,1
GTCAACCAGGCCTATA-1,2
GTCAAGCGGACTCGGG-1,2
GTCAATGCTATAATTT-1,2
GTCACAAAGTTTCCAA-1,2
GTCACTCTCCAAATCT-1,1
GTCAGAATAGTCTATG-1,4
GTCAGTTGTGCTCGTT-1,2
GTCAGTTTGGTAGTCG-1,4
GTCATCTCCTACAGCT-1,3
GTCATGCACCTCCGTT-1,3
GTCATGCGCGAGGGCT-1,1
GTCATGGACATGACTA-1,1
GTCATTAGAGCGAACG-1,3
GTCATTGCATTGACCC-1,4
GTCCAATATTTAGCCT-1,2
GTCCACGTCGCATTCG-1,1
GTCCAGGCACGTGTGC-1,1
GTCCCAACGTAAAGTA-1,1
GTCCCGCGACGTTATG-1,2
GTCCGAGAGCAATCAT-1,3
GTCCGGACCTGAAATT-1,1
GTCCGGCTGAATTGCG-1,1
GTCCGGGTTCACATTA-1,2
GTCCTACGAATAGTCT-1,3
GTCCTACTCTACGGGC-1,2
GTCCTTCTAGTGGGTT-1,2
GTCCTTTAATGACTTC-1,3
GTCGAATTTGGGCGCT-1,3
GTCGATAGGTGACTTT-1,1
GTCGCCGTTGTGTGTT-1,2
GTCGCGTAACCCGTTG-1,3
GTCGGAAGGATACCAG-1,2
GTCGGATATCTCAGAC-1,3
GTCGGATGTAGCGCGC-1,1
GTCGGGAAGCAGAAAC-1,1
GTCGGGTGAAGTACCG-1,2
GTCGTACCATCTCGGG-1,3
GTCGTACCTACGATTG-1,3
GTCGTATTGGCGTACA-1,2
GTCGTCAATTATAAGG-1,2
GTCGTCTGGTTGGCTA-1,1
GTCGTGTCTGGTCATC-1,2
GTCGTTATTCGCTTAT-1,2
GTCTACTCAATTACAA-1,1
GTCTAGTGAGCCGCTT-1,2
GTCTATACACGCATGG-1,1
GTCTATCTGAGTTTCT-1,1
GTCTATTGCATGCTCG-1,2
GTCTATTGGTTCCGGT-1,1
GTCTCAAGGCCCGGCT-1,1
GTCTCCCGAGTCCCGT-1,2
GTCTCCGCCTCAATAC-1,1
GTCTCCTGCCAGTATG-1,3
GTCTCGACTAAGTTTG-1,2
GTCTCGATCTGCTTTC-1,2
GTCTGCCGACTCGACG-1,1
GTCTGGGCGGTCGAGA-1,1
GTCTGTAGGTTGAACA-1,2
GTCTTACCACGCCAAG-1,2
GTCTTAGTACAGCCGG-1,2
GTCTTGAGGAGCAGTG-1,1
GTGAAACGGCGCCACC-1,1
GTGAAACGTGCTCCAC-1,2
GTGAACTCCCATTCGA-1,1
GTGAAGATTTCAAGTG-1,2
GTGAAGCCGTATAGTC-1,1
GTGAAGTCACGACTCG-1,1
GTGACAGCTTCCCACT-1,5
GTGACCGCACACTACG-1,3
GTGACCTAAAGAATAA-1,2
GTGACGAGGGTGACCC-1,2
GTGACGCAGGTTTCAT-1,5
GTGACTTCAGTAGTGC-1,3
GTGAGATAACCTTATA-1,1
GTGAGCGTGCTGCACT-1,4
GTGAGGACACTTAAGG-1,1
GTGAGGAGCGGTTGAG-1,2
GTGAGTCGACTAATAG-1,3
GTGAGTCTAAGACGGA-1,3
GTGAGTGGTACAACGC-1,1
GTGATCAAGCGTGCAC-1,2
GTGATCACTAACGCCT-1,1
GTGATCATAGATCTGC-1,5
GTGATCCTTGTCATGA-1,5
GTGATGCACAACATCT-1,3
GTGATTCGCCGCTCAA-1,2
GTGCAACAAATGTGGC-1,1
GTGCACCAGCTTCAAC-1,1
GTGCACGAAAGTGACT-1,1
GTGCAGCGTAGAGTAG-1,1
GTGCCAAACGTTTCGA-1,1
GTGCCATCACACGGTG-1,2
GTGCCCGTTCGGATTC-1,1
GTGCCGCTTCAAAGGT-1,1
GTGCCTAGCTATGCTT-1,3
GTGCCTCAGTGTACGG-1,1
GTGCCTGAGACCAAAC-1,1
GTGCGAAATCGAACAC-1,1
GTGCGACAGGGAGTGT-1,1
GTGCGGGACCATCGGC-1,2
GTGCGGGTCTCCAAAT-1,1
GTGCGTGTATATGAGC-1,1
GTGCTCAAGTACTGTC-1,3
GTGCTGCAGATAAGGA-1,1
GTGCTTACATCAGCGC-1,4
GTGGAACCTACATGCG-1,1
GTGGACCAACCCGATT-1,1
GTGGACGCATTTGTCC-1,1
GTGGACGTGCTGAGAC-1,4
GTGGAGCATGTCGGCC-1,1
GTGGAGCGTTTACCGA-1,1
GTGGAGTCGGCGGTTG-1,3
GTGGCAAACAGCGGCA-1,3
GTGGCGGTCCCAGCGT-1,1
GTGGCTGTTTCTGTTC-1,2
GTGGGAACAAACCGGG-1,1
GTGGGAAGACTGAATC-1,1
GTGGGCTTAGACACAC-1,3
GTGGTATAGTCTGCCG-1,1
GTGGTCAGCGAAGTAT-1,2
GTGGTGATGGTTTGTG-1,1
GTGGTGGCCAAGTGAA-1,4
GTGGTTACTTCTTTCG-1,2
GTGGTTTCCGCCTTTC-1,2
GTGTACCTTGGCTACG-1,3
GTGTATATCAGCGGGC-1,3
GTGTCAGTGTACGTGG-1,1
GTGTCGTATAGCGTTC-1,2
GTGTCGTATTCACCTT-1,3
GTGTGAATAACTTAGG-1,1
GTGTTACTATGCGTCC-1,1
GTTAAAGTAGGACTGG-1,2
GTTAACATCACTTAAA-1,2
GTTAAGGGTGCGATGT-1,2
GTTAAGTTAGAGTGGG-1,1
GTTAATAGCGTCATTA-1,2
GTTAATGTCTATCTTA-1,3
GTTACAATTGGTGACG-1,3
GTTACCAAGGCGTACG-1,2
GTTACCTACAACTTGC-1,3
GTTACTTTGGGCCTAG-1,2
GTTAGAGTGTGCCGCT-1,2
GTTAGCCCATGACATC-1,3
GTTAGCCGTAAATCAA-1,3
GTTAGGCTACCCGTTT-1,3
GTTATAATACGGTGAA-1,3
GTTATATCAGGAGCCA-1,3
GTTATATTATCTCCCT-1,3
GTTATCAAGCTATCGA-1,2
GTTATCACCTTCTGAA-1,2
GTTCACAGGAGTCTAG-1,1
GTTCAGTCGCCAAATG-1,1
GTTCATCGTTTGGCTG-1,2
GTTCCAGTCTGACCAT-1,1
GTTCCCGTAAACATAT-1,3
GTTCCGTCCGCCTGCA-1,1
GTTCGACAATTGTATA-1,1
GTTCGCCATAAGTGCC-1,3
GTTCGCTGAGACGTCT-1,3
GTTCGGAGCACTCAAC-1,1
GTTCGGGCGTACCATT-1,2
GTTCGTCTAAAGAACT-1,1
GTTCGTCTGGGTCCCT-1,2
GTTCTTCCCTCGATGT-1,2
GTTCTTGTAACTCAAT-1,2
GTTGAACCGGTTCCAT-1,3
GTTGAGTCCCGCCGGT-1,3
GTTGCACGGAGTTTCG-1,2
GTTGCAGTCGACAACA-1,3
GTTGCCCTAACGGGTG-1,3
GTTGCGCTAACATTAC-1,4
GTTGCGGACGGTCAGG-1,4
GTTGGACCGCATCAGG-1,2
GTTGGATTCAGTGGCT-1,1
GTTGGATTGAGAACAC-1,2
GTTGGATTTGCGTTGG-1,3
GTTGGTCATGCTATCC-1,1
GTTGTAGATTTATGAG-1,3
GTTGTCGTGTTAGTTG-1,1
GTTGTTACATTGCGCT-1,2
GTTGTTGCAAGATGGC-1,4
GTTTACGTTCCATCTG-1,2
GTTTCAAACGAGTTGT-1,4
GTTTCATATCGTCGCT-1,2
GTTTCCTGGAGGGTGA-1,1
GTTTCTAGAGGCGCGG-1,1
GTTTCTGCAGTCTCCC-1,1
GTTTGACCAAATCCTA-1,3
GTTTGGCCCAAGTTAT-1,3
GTTTGGCCGCTCAGCG-1,2
GTTTGGGCTTGTGAGC-1,1
GTTTGGGTTTCGCCCG-1,2
GTTTGGTAGGGTCAAC-1,1
GTTTGGTGATCGGTGC-1,2
TAAACCCAGGAGGGCA-1,1
TAAACGTCGTCAATGA-1,3
TAAAGACAACCCTTTA-1,1
TAAAGAGCCCGAAACC-1,1
TAAAGCGGTATTTCCA-1,1
TAAAGCGTTAGGAGAA-1,2
TAAAGCTGCAATAGGG-1,1
TAAAGTGCACGTCTCG-1,1
TAAATCTTTACACCTC-1,2
TAAATGAATCCGTTTC-1,1
TAAATGCCGTCTCATG-1,2
TAAATGGGCTACTGAG-1,3
TAAATTGTGGGTAAAG-1,3
TAAATTTAGTAACACC-1,2
TAACAAAGGGAGAAGC-1,1
TAACAGCGTTTGTGCT-1,2
TAACAGGTTCCCTTAG-1,2
TAACATACAATGTGGG-1,3
TAACATACACGCGATC-1,1
TAACCGCCCGCAGTGC-1,3
TAACCTACCGTCCGAG-1,1
TAACCTAGGGAGTCCA-1,4
TAACGCTTTGAGAGCG-1,1
TAACTATCGAAGGTCC-1,3
TAACTATTACGCCAAA-1,3
TAACTCATCCGCGCGG-1,1
TAACTCCATGGAGGCT-1,1
TAAGAGGGACAGGGAC-1,4
TAAGCAGGCGACACGC-1,1
TAAGCCCTTACGACCA-1,2
TAAGCGCGAATCAAAT-1,1
TAAGGAACTTGTGGGA-1,1
TAAGGCAACATAAGAT-1,3
TAAGGCATAACATCAA-1,1
TAAGGCCCGTCACCCT-1,3
TAAGGCTGAATCCCTC-1,2
TAAGGGCCTGTCCGAT-1,1
TAAGGGCTGGGAGAGG-1,3
TAAGTAAATGTGCCGC-1,4
TAAGTAACATCTTGAC-1,2
TAAGTCGCCGAGTATC-1,1
TAAGTCGGTGAGCTAG-1,2
TAAGTGAATAGTCTAC-1,2
TAAGTTGCGACGTAGG-1,3
TAATAAACAAGGAGAT-1,2
TAATACACAGTAGTAT-1,1
TAATACTAGAACAGAC-1,1
TAATAGAACAGAGTTA-1,3
TAATAGCTAAATGATG-1,2
TAATAGGTCACCAGAA-1,1
TAATAGTGACGACCAG-1,2
TAATATTGAAATTCGC-1,1
TAATCAACCAAATGGG-1,1
TAATCGATCCGTACGT-1,2
TAATGAAAGACCCTTG-1,1
TAATGTCGGTTCATGG-1,2
TAATTACGTCAGTAGA-1,1
TAATTAGATGGATATG-1,1
TAATTCCAATGCTTCA-1,4
TAATTGGAATCGGGAA-1,2
TACAACGCACAACTCA-1,2
TACAAGGGCTTCTTTA-1,2
TACAAGTCTCGTGCAT-1,4
TACACAGCCGTGGTGC-1,2
TACACCGTCGTTAGTC-1,2
TACACCTCTTCGAATC-1,2
TACAGAAACGGTGGGC-1,3
TACATAGGCATACACC-1,3
TACATCCCTATCCCTG-1,1
TACATGCCGGAATTGT-1,2
TACATTTCTAACGTGC-1,3
TACCAAATAGCCCAGA-1,3
TACCAATAAAGTACCA-1,1
TACCAGAAGTAGGTTC-1,1
TACCAGCTAGGTTTAA-1,2
TACCAGGAATCCCGTC-1,2
TACCATGTATTGATTT-1,1
TACCCTCGGTAACCCT-1,3
TACCGAATAATTGTAA-1,2
TACCGCGGACTTGCAG-1,4
TACCGGCTCACTGCCC-1,1
TACCGGTCGTTTCCAT-1,2
TACCGTAGGTTAACTA-1,1
TACCGTGCCTCGGACC-1,1
TACCTACTCCCAGTAT-1,3
TACCTCACGCTTGTAC-1,1
TACCTCAGTTGTCTGT-1,1
TACCTCCACACCAATG-1,1
TACCTCTTTACCATCC-1,4
TACCTGCTGCACTGTG-1,1
TACCTTAAGATTTCCC-1,1
TACGAACACGACTTCA-1,3
TACGACGCTTGCTGCG-1,3
TACGACTGCCTCTTAG-1,1
TACGAGAACTTCACGT-1,1
TACGATGTTGATCATC-1,4
TACGCAGTTCTTTCCT-1,2
TACGCCATATTCTAAT-1,5
TACGCCGAGGGTACCC-1,1
TACGCCGCCTCAGAAG-1,3
TACGCCTCCATTCCGA-1,1
TACGCTATAGAAACCT-1,1
TACGCTCCTAGAACTG-1,1
TACGCTCGGTATTGGA-1,1
TACGCTGATAGTTGTA-1,1
TACGCTGCTGTGTTAA-1,1
TACGGAAGCCAAACCA-1,3
TACGGCATGGACGCTA-1,1
TACGGGATGCTAGCAG-1,2
TACGGGTAATAACATA-1,1
TACGTAAAGCGGAGTG-1,1
TACGTACTAGTGCTGA-1,2
TACGTGCAAGGTTCCT-1,2
TACGTGCACTATGCTG-1,1
TACGTGGGCCCAGGGC-1,2
TACGTTTACCGGCAAT-1,2
TACTACGTGCAATGCG-1,2
TACTATGGTTCCTCAG-1,2
TACTCATTGACGCATC-1,2
TACTCCTCTAGTTGAC-1,1
TACTCGGCACGCCGGG-1,3
TACTCGTTTGAATCAA-1,1
TACTCTCCGAACAAAT-1,1
TACTCTTACTTTACTG-1,4
TACTCTTTCGTCTTCA-1,2
TACTGAACAGATTTAG-1,1
TACTGCAATCAATTAC-1,2
TACTGGACAGCTCGGC-1,1
TACTGTTTCTCTGGTA-1,3
TACTTAAACATGTACA-1,2
TACTTGTTAGTAGTCC-1,2
TACTTTACTGAGCCGG-1,4
TACTTTCCGCACGCCA-1,3
TAGAAAGGTGGCGCTA-1,2
TAGAAATTCACGTATA-1,3
TAGAAGAAGGGTTACA-1,3
TAGAATAGCCGATGAA-1,1
TAGAATTAAGGGCAAC-1,2
TAGACGAAACGCCAAT-1,5
TAGACGCCCGTACCGG-1,1
TAGACTACCTAGCGTT-1,3
TAGACTCAGTTGGCCT-1,3
TAGAGATCATGCAACT-1,2
TAGAGCTACGAAGAAC-1,3
TAGAGGGAGTTTATCT-1,2
TAGAGGTTCTACTTGT-1,3
TAGAGTCTAAGCGAAC-1,3
TAGATATGGACTGGAA-1,3
TAGATCCGAAGTCGCA-1,2
TAGATGGTTCCTTACT-1,2
TAGATTCAAAGTGCGG-1,2
TAGATTCCTGGTTATT-1,3
TAGATTCTCTAGCAAA-1,2
TAGCAACCTGTCACAA-1,1
TAGCAGATACTTAGGG-1,3
TAGCAGTATGACTAAA-1,1
TAGCCAGAGGGTCCGG-1,1
TAGCCATTTCAAAGTC-1,1
TAGCCGGCGGTCAGCG-1,2
TAGCGTCCGGTGTGGT-1,3
TAGCGTTGGGTCTTAC-1,1
TAGCTAAGTCCGGGAG-1,3
TAGCTAGAAGGCATGA-1,1
TAGCTAGTGATGATGG-1,3
TAGCTCACTGTGTTTG-1,2
TAGCTCAGATCCTAGT-1,3
TAGCTCGCCTGATAAC-1,1
TAGCTGATGTGAAGCG-1,3
TAGGAACAGCCTCCAG-1,2
TAGGAGGCTCGAGAAC-1,2
TAGGCATGTTACGCCA-1,2
TAGGCCTATATAGTCT-1,2
TAGGCGATGAGGTCTC-1,3
TAGGCGGCTGCAAAGA-1,3
TAGGCTAAAGTGGCAC-1,1
TAGGGAGCTTGGGATG-1,3
TAGGGTGTTTCAAGAG-1,1
TAGGTCCAAGTAAGGA-1,2
TAGGTCGCCGGAACTG-1,4
TAGGTGACGATAACCT-1,3
TAGGTGAGCCCTACTC-1,1
TAGGTGCTCGCCTAGC-1,2
TAGGTGTTCCACAGAT-1,3
TAGGTTCGAGTTCGTC-1,3
TAGGTTCTGCTGAGAA-1,2
TAGTACCACAACTTTC-1,3
TAGTAGCTTATACCAG-1,2
TAGTCCCGGAGACCAC-1,2
TAGTCCGCAGAGAATG-1,3
TAGTCCGTATGCATAA-1,3
TAGTCCTGCACTAAGC-1,2
TAGTCGATCACGGGTT-1,2
TAGTCTAACAACGAGA-1,1
TAGTCTGCGGCACATT-1,3
TAGTCTGTGACGTTGC-1,2
TAGTCTTTCCGAATTG-1,3
TAGTGACAAGCTCTAC-1,3
TAGTGCCCTCCAGAGT-1,3
TAGTTAAGATAGGATA-1,2
TAGTTTATTCTTGCTT-1,1
TATAAATCCACAAGCT-1,1
TATAAGTGAGGATAGC-1,1
TATACACAGACGCCTT-1,3
TATACACGCAAAGTAT-1,3
TATACCGAGTGCCACA-1,4
TATACGCGTCATCACT-1,2
TATAGAGTCGCTTGAA-1,2
TATAGATGGTCGCAGT-1,2
TATAGCGCACGTTATC-1,2
TATAGGGTACTCATGA-1,2
TATAGTTAGGTGTACT-1,2
TATATAGGGCTTTACG-1,2
TATATATCGAGAAATG-1,2
TATATCAAAGTGATCT-1,1
TATATCCCTGGGAGGA-1,1
TATATTACAAATGTCG-1,1
TATATTCGCGTCGATA-1,2
TATCACCATGTAAAGT-1,2
TATCACCCAACCGACC-1,2
TATCACTTCGAGTAAC-1,3
TATCAGTGGCGTAGTC-1,3
TATCCAATTGGTTATC-1,1
TATCCATATCATGCGA-1,1
TATCCATCTCGGTTAG-1,1
TATCCGCACCGTCGGG-1,1
TATCCTATCAACTGGT-1,1
TATCCTGCATGGGAAT-1,1
TATCGATCTATGCATA-1,2
TATCGATGATTAAACG-1,1
TATCTACAGAGGTAAT-1,1
TATCTACCACAGCGGG-1,3
TATCTAGCCTAAAGGA-1,1
TATCTTGCAATACAAC-1,3
TATGAAGAATTAAGGT-1,2
TATGAAGACAGGTGCG-1,1
TATGATAAATCTAACG-1,1
TATGATCCGGCACGCC-1,2
TATGATCTTCTCTTTA-1,3
TATGCTCCCTACTTAC-1,1
TATGGATGTGCTACGC-1,3
TATGGCCCGGCCTCGC-1,4
TATGGCTAGGCTAATT-1,1
TATGGGACCGAGCAGG-1,3
TATGGGTACGTATCGT-1,3
TATGGTCTGAGTAACA-1,3
TATGGTTAGTGGGAGA-1,1
TATGTAAAGTGCTTAA-1,1
TATGTCAAGACCGACT-1,2
TATGTCTCATTGTGCC-1,2
TATTAACACCAAAGCA-1,3
TATTAACCTGACCGCG-1,1
TATTACCATCCTGCTT-1,3
TATTATGTTTGCCTGC-1,2
TATTCAATTCTAATCC-1,2
TATTCCACTCAGCTCG-1,1
TATTCCGAGCTGTTAT-1,3
TATTCCTCCGCCCACT-1,2
TATTCGTGCCAGAATA-1,3
TATTGACATTTCTGCC-1,2
TATTGCCGGGCTTGTA-1,1
TATTTAGTCTAGATCG-1,1
TATTTATACCGAGTAG-1,2
TATTTGATTTGCACAG-1,3
TATTTGTTACCCTTTA-1,2
TCAAACAACCGCGTCG-1,2
TCAAACTTAGATTGTT-1,1
TCAAAGTCACGGCGTC-1,1
TCAAATTATGTTCGAC-1,2
TCAAATTGTTGTGCCG-1,3
TCAAATTTGAGACTCA-1,2
TCAACAAAGATAATTC-1,3
TCAACACATTGGGTAA-1,2
TCAACATAGCGCCCTA-1,1
TCAACATCGACCGAGA-1,1
TCAACCATGTTCGGGC-1,3
TCAACGAGGAGACAAA-1,5
TCAACGCAGGAAATAA-1,1
TCAACGCGACCGGCAG-1,3
TCAACTAACGTATAAC-1,3
TCAACTGCAGAGTCAG-1,3
TCAAGAAATACTAGCT-1,2
TCAAGCGCGGACGGTA-1,1
TCAAGCTGCCTTGAAA-1,3
TCAAGGTTACTACACC-1,4
TCAATACGCCGTCATG-1,5
TCAATATACAGGAGGC-1,2
TCAATCCCGCGCCAAA-1,1
TCAATCCGGGAAGTTT-1,2
TCACAAACCGAGGTAC-1,1
TCACAGATCCTCAAAC-1,3
TCACAGCAAACTCGAA-1,1
TCACAGGAGAATAAGA-1,1
TCACAGGGAATCGCAA-1,3
TCACAGGTTATTGGGC-1,3
TCACATCTTATCTGAT-1,1
TCACCCTCTTAAGATT-1,1
TCACCGCTCGGCACTC-1,2
TCACGATGTCCGTGGA-1,1
TCACGCATTGTAGATC-1,3
TCACGGCCCAAGAGAG-1,3
TCACGGTCATCGCACA-1,1
TCACGTGCCCGATTCA-1,3
TCACTACGACCAATGC-1,2
TCACTATCCCTTCGGT-1,2
TCACTCGTGCAACGGC-1,1
TCAGAACCTCCACAGG-1,1
TCAGAACGGCGGTAAT-1,1
TCAGACGCTATAGAAG-1,1
TCAGAGGACGCGTTAG-1,2
TCAGAGTGTGAGCATG-1,1
TCAGATGGAGACGTAG-1,1
TCAGCAAATGCATCTC-1,1
TCAGCAGTAGGCCCTG-1,2
TCAGCCAATCCGTAAA-1,3
TCAGCGCACGCCGTTT-1,1
TCAGGGTGCACGAAAC-1,2
TCAGGGTGTAACGTAA-1,1
TCAGGTTCTTTGAGAA-1,1
TCAGTACTGACCCGCG-1,1
TCAGTAGGGACTATAA-1,3
TCAGTGTATACGTCAT-1,2
TCATAAGTCCAAGAAG-1,3
TCATACTTACAGATCC-1,1
TCATATGAGCTTTGTT-1,3
TCATCACTCGAGCTCG-1,1
TCATCCATCTGATCAC-1,2
TCATCCCAGAGGGTGG-1,2
TCATCCTCAGCTGCTT-1,3
TCATCGACGACCGTCG-1,2
TCATCGATGGTCCCAA-1,2
TCATGCAGGTTCTCAT-1,3
TCATTCGTATAATTTG-1,1
TCATTTAAGTCTCCGA-1,2
TCATTTAGAAGTGTGA-1,3
TCCAACTCAGCTATCT-1,2
TCCAACTTTAAATTCT-1,1
TCCAAGCCTAGACACA-1,1
TCCAATAAAGGCTACC-1,3
TCCACAATGGTTTACG-1,1
TCCACATCGTATATTG-1,1
TCCACCAAGACATAGG-1,1
TCCACCTCTAGCCTTT-1,1
TCCACTTTATCTAGGT-1,2
TCCAGAGCACCGGTTC-1,3
TCCAGATGTACGCCAA-1,1
TCCAGCGCTATAAGCG-1,3
TCCAGGCAGGACGATC-1,2
TCCAGGCGAGTACGGT-1,3
TCCAGGGTATATACGA-1,1
TCCATCAATACTAATC-1,3
TCCATTCCCACTAGAG-1,1
TCCATTGTGACCTCGT-1,2
TCCCAAACAGACAACG-1,2
TCCCAAACATCCTCTA-1,1
TCCCAAAGACGAAGGA-1,3
TCCCAAAGCCCTAAAT-1,1
TCCCACTCTCTTCCGG-1,2
TCCCAGCACACGACAT-1,2
TCCCAGCTTTAGTCTG-1,3
TCCCAGGCTTAGCTAA-1,3
TCCCGCCTATGTGCGT-1,2
TCCCGCGTACTCCTGG-1,1
TCCCGGGTGTGCTGCT-1,4
TCCCGGTCAGGAATTT-1,1
TCCCGTCAGTCCCGCA-1,1
TCCCGTCGCGTCATAG-1,3
TCCCGTGTGCAATTTG-1,1
TCCCTAGATCAATAGG-1,1
TCCCTCTTCTCAAGGG-1,1
TCCCTGGCGTATTAAC-1,3
TCCCTGGCTCGCTGGA-1,4
TCCCTTAGATTACTCG-1,1
TCCCTTGTCTGAAACT-1,2
TCCGAACGTTGCCGCT-1,1
TCCGAACTTGGCTTAC-1,3
TCCGAAGTAGTCACCA-1,2
TCCGAATGGTCCTGAG-1,1
TCCGACCGCTAATCAA-1,1
TCCGAGAAGGCTAAGC-1,2
TCCGATAATTGCCATA-1,1
TCCGATGACTGAGCTC-1,1
TCCGATGGTGCGACAT-1,1
TCCGATTACATTGCCG-1,4
TCCGCCTGTCTACAAG-1,2
TCCGCGGCAGCATCTG-1,1
TCCGCGGCCCAATGAA-1,1
TCCGCTGTCATCCCGG-1,3
TCCGCTTATCCCATTA-1,1
TCCGGAGGAAGGGCTG-1,1
TCCGGCCTAGCGTACA-1,3
TCCGGCTGTCGGGTCG-1,1
TCCGGGCTTGACGGGA-1,1
TCCGGTTCGTCCGGTC-1,3
TCCGTTAAGCTAATAT-1,2
TCCGTTTAGCCTTGAA-1,1
TCCTAAAGATTCAGAC-1,3
TCCTAAATTGGGAAGC-1,2
TCCTAACCGTCGGGCA-1,1
TCCTACATCCACGGCC-1,1
TCCTAGCAAAGAAGCT-1,1
TCCTATCATAGGTAAC-1,3
TCCTCCTAAGACATTC-1,1
TCCTCGGGCTGGGCTT-1,1
TCCTCTACGAGATGGC-1,1
TCCTCTCCAGTTGTCC-1,1
TCCTCTGGCCCATTAG-1,2
TCCTGCCAACTGGAGA-1,2
TCCTGCGTTGATACTC-1,1
TCCTGGCGCTGCCTGG-1,2
TCCTTACGACGGTCCG-1,3
TCCTTCAGTGGTCGAA-1,3
TCCTTGTCCTTTAATT-1,2
TCCTTTAAATCCGCTT-1,1
TCCTTTCTTACGCTTA-1,1
TCGAAATTTAGGACCA-1,1
TCGAAGAACCGAGCAC-1,4
TCGAATATCCCGCAGG-1,2
TCGAATCGCAGGGTAG-1,2
TCGACAACTGAACCCG-1,3
TCGACATAGCGTAGCG-1,2
TCGAGACCAACACCGT-1,3
TCGAGCCAGGCAGGCC-1,2
TCGAGGGCAACAGACG-1,1
TCGATAGGCTAGTCGC-1,2
TCGCAAAGATGCATTT-1,3
TCGCACCAGGAGGCAG-1,1
TCGCATAAAGGGCGCA-1,1
TCGCATCCCTAAGTGT-1,3
TCGCATTCAATGACTT-1,2
TCGCCACCCGGATTAC-1,1
TCGCCCAACTGACTCC-1,2
TCGCCGAAGTTGCGTC-1,2
TCGCCGACATATTCGC-1,2
TCGCCGGTCGATCCGT-1,1
TCGCCTCCTTCGGCTC-1,1
TCGCGTAGCAGTGTCC-1,2
TCGCGTCCAGAAGGTC-1,4
TCGCTAAACCGCTATC-1,1
TCGCTACTGGCTTTGA-1,5
TCGCTCGATATATTCC-1,1
TCGCTCGGCACCAGCG-1,2
TCGCTGCCAATGCTGT-1,1
TCGCTGGGCGGATTGT-1,1
TCGCTGTGCGTAAATC-1,1
TCGCTTAATTACGAAG-1,2
TCGCTTTAAACGTTTG-1,3
TCGGAATGACCATCAA-1,2
TCGGAATGCGCTCTGA-1,4
TCGGACGCCCAGCCCA-1,3
TCGGAGAGTATCGGGA-1,2
TCGGAGTACATGAGTA-1,1
TCGGCAGGGTTAAGGG-1,2
TCGGCGAACCCAAACC-1,3
TCGGCGTACTGCACAA-1,3
TCGGCTTGTATCGACG-1,2
TCGGGAACGTGCCTAG-1,1
TCGGGAGACAGCGTAC-1,1
TCGGGATTCAAACATA-1,1
TCGGGCCGTCGTGGTA-1,2
TCGGGTGAAACTGCTA-1,2
TCGGTCCCGACAATAG-1,3
TCGGTCCCTGACTCCA-1,2
TCGGTGACCGCTCCGG-1,2
TCGGTTAGCCATGTAG-1,4
TCGTAACTCCCAAGAC-1,3
TCGTAAGACGACATTG-1,1
TCGTAAGCTCCGAGGA-1,1
TCGTACCGACGTCAAG-1,3
TCGTATAGTGCAATTA-1,1
TCGTATTACCCATTGC-1,1
TCGTATTTCGTCCGGA-1,2
TCGTCAAGTACGCGCA-1,2
TCGTCACACTGTTAGC-1,1
TCGTCCGCTGGCGTCT-1,1
TCGTCCGGGTACACTC-1,2
TCGTCTTAGGCGTTAA-1,1
TCGTGTACTATGGATG-1,2
TCGTGTATTGGTCACG-1,2
TCGTGTCACGCTGACA-1,2
TCGTGTTCGACCACAA-1,3
TCGTTAGGAGTCCCTA-1,1
TCGTTCGTTATTATGT-1,2
TCGTTGCTATCCGGTC-1,1
TCGTTGGCTCGTCAAT-1,3
TCGTTTACGCGACCCT-1,1
TCTAAAGAACAGTCTC-1,3
TCTAACCTAGCCTGCG-1,2
TCTAACTGTATGTAAA-1,3
TCTAATACTGCCTCAG-1,1
TCTACACGTTCATGCA-1,4
TCTACCCAATAGAGAG-1,3
TCTACCGTCCACAAGC-1,1
TCTACGCACGATCTCC-1,2
TCTACGGGCTCAGTTG-1,2
TCTAGCAATCTCCGCC-1,1
TCTAGCATCTTCGATG-1,1
TCTAGCATGCCCAGAA-1,1
TCTAGGTGGCGACGCT-1,3
TCTAGTGATATCGTGG-1,4
TCTAGTTATCAGAAGA-1,1
TCTATAGGTGGGTAAT-1,1
TCTATCATGCAGTTAC-1,4
TCTATCCGATTGCACA-1,1
TCTATCGGTCGCAACA-1,2
TCTATGCTATAACGAC-1,2
TCTATTACGCTGGCGA-1,1
TCTATTACTAGAGGAT-1,1
TCTCAAATCAATCGGG-1,1
TCTCAGGCTACTCGCT-1,2
TCTCATGAGATAGGGT-1,1
TCTCCAACGTAGGTTA-1,1
TCTCCACAAGTTGAAT-1,1
TCTCCCTGGGCAGCGT-1,2
TCTCGAACGAGGTCAC-1,2
TCTCGAGGAGGTTCGC-1,3
TCTCGGCTCCAGGACT-1,1
TCTCTAATAGCTGGTA-1,3
TCTCTCGCCGCACATA-1,1
TCTCTTACCGCGAACC-1,1
TCTGAACCGGTCGGCT-1,1
TCTGAACTCGTACCCG-1,3
TCTGAAGCACGTGGTC-1,3
TCTGAATTCCGTACAA-1,4
TCTGACGGGCTAACCC-1,2
TCTGAGCAATTGACTG-1,3
TCTGATCGGGTGCTAG-1,2
TCTGATGTATTCTGTC-1,1
TCTGATTGGAAATGGA-1,2
TCTGCACCATTAGTAA-1,2
TCTGCATACCTTGCTT-1,1
TCTGCCAGAAACTGCA-1,3
TCTGCGAATCGTTCGC-1,1
TCTGCGTCCGGTTTCT-1,3
TCTGCTTAGAACAAGC-1,3
TCTGGAGCGTAAGAGT-1,3
TCTGGCCGTTCAAGTT-1,1
TCTGGGAACCTTTGAA-1,1
TCTGGGTAGCGCTCAT-1,2
TCTGTCATACAAGAGC-1,2
TCTGTGATGGAGGTTG-1,1
TCTGTGCCATCATAGT-1,3
TCTGTTACCCAGCATA-1,1
TCTTACAGAGGTACCG-1,3
TCTTACCGGAACTCGT-1,2
TCTTACGGCATCCGAC-1,1
TCTTACTTATGCCTCT-1,3
TCTTAGAGCTCCAATT-1,3
TCTTAGAGTGAACTCT-1,4
TCTTCCCATGGGCACA-1,4
TCTTCGAATAGACGTT-1,1
TCTTCGATACCAATAA-1,1
TCTTCGCGGTGAGAGG-1,1
TCTTGATGCGTAGCGA-1,2
TCTTGCTCCCGATACT-1,1
TCTTGGTAACACCAAA-1,1
TCTTGGTCAATGATAC-1,3
TCTTTAAGACTATGAA-1,1
TCTTTAGAGTCTAACA-1,3
TCTTTAGCAGGCGAAC-1,2
TCTTTCCTTCGAGATA-1,1
TCTTTCTCTTAAGGAG-1,2
TGAAACTTATGCAAGC-1,2
TGAAAGGACCTGACTC-1,1
TGAACAAGCAGGGACT-1,2
TGAAGAGCGGTCCTAG-1,3
TGAATACCGACGCGTA-1,5
TGAATATGCTATAAAC-1,2
TGAATGAGATACAGCA-1,2
TGAATGAGTGTTTCCC-1,1
TGACAACGCATGTCGC-1,4
TGACACTTCTCTTTGC-1,1
TGACAGGACAAGTCCA-1,3
TGACATCGAGCGGACC-1,2
TGACATGTAACGTGAC-1,1
TGACCAAATCTTAAAC-1,3
TGACCAGCTTCAAAGT-1,3
TGACCCACGTTAGACA-1,1
TGACGAATATTTCCCT-1,3
TGACGATGCACTAGAA-1,1
TGACTATAATCCTTTC-1,1
TGACTCCGAATCATAC-1,3
TGACTCTAACTGGTAA-1,1
TGAGAATGCTTTACCG-1,3
TGAGAGATTTACCACG-1,1
TGAGATCAAATACTCA-1,2
TGAGATTAGGCCCTAA-1,1
TGAGCCATACAGTCTC-1,2
TGAGCGGAAAGTGTTC-1,1
TGAGCTCAACTGTATA-1,2
TGAGCTTTAATGACGC-1,1
TGAGGAGTGCCAGCTT-1,1
TGAGGCATGTACTGTG-1,3
TGAGGTGTGTGGCGGA-1,3
TGAGTAAATTAGCGTA-1,3
TGAGTGCCTCTTAAAT-1,1
TGAGTGGTCCGTGACG-1,2
TGAGTGTAACAACGGG-1,1
TGATACATTTAGCCGT-1,1
TGATAGCGGGATTCTA-1,4
TGATCACCACACTGAC-1,2
TGATCAGGGAACTGCT-1,1
TGATCCCAGCATTAGT-1,1
TGATCGGTTTGACCCT-1,3
TGATCTACGCTGATCT-1,3
TGATCTATCACACTCT-1,1
TGATCTCCGGCGCCAG-1,1
TGATGCTCACGTAGTC-1,2
TGATGGCTGTTTCTGA-1,1
TGATGTCAATTAAGTG-1,1
TGATTATGGCACGCAG-1,2
TGATTCAGGTCCCGCG-1,3
TGATTCCCGGTTACCT-1,2
TGATTCGTCTATCACT-1,2
TGATTCTGTCGCCGGT-1,1
TGATTTATTAGCTGTG-1,3
TGATTTCCTCCTGACG-1,3
TGCAAAGTTCGTCTGT-1,1
TGCAACCCATCTGCGG-1,1
TGCAACTACTGGTTGA-1,2
TGCAAGAATGACGTAA-1,3
TGCAATCTAACACGGT-1,1
TGCAATTTGGGCACGG-1,2
TGCACAGTGAAGTTAT-1,1
TGCACGAGTCGGCAGC-1,2
TGCACTATGTGAGTGC-1,3
TGCAGAACTATATCGT-1,1
TGCAGAGTACCGAGCA-1,1
TGCAGATCGTCCTAGG-1,1
TGCAGCTACGTACTTC-1,1
TGCAGGATCGGCAAAG-1,1
TGCAGTGAGGCTCGGG-1,2
TGCAGTGGTAGGGAAC-1,3
TGCAGTTTCCTCCCAT-1,1
TGCATATGTCTGTCAC-1,1
TGCATGGATCGGATCT-1,1
TGCATGTGACCCATAG-1,1
TGCATGTGGTAATCTA-1,1
TGCCAAAGTCAGACTT-1,1
TGCCAATGGGTACTCT-1,1
TGCCACCTGGCGAAAC-1,1
TGCCAGTACGTGGAGA-1,1
TGCCATTACTAAAGAA-1,1
TGCCCGATAGTTAGAA-1,2
TGCCCGTACCGTTAAA-1,1
TGCCGAAAGCGTATTC-1,1
TGCCGGATGTACGAGC-1,1
TGCCGTGGATCGTCCT-1,1
TGCCGTGGGACCCAAT-1,1
TGCCTAAATTTAATAG-1,1
TGCCTAATTGAAGATT-1,3
TGCCTGACATCGGTCA-1,3
TGCCTGATCAAACGAT-1,1
TGCCTTGGCCAGGCAA-1,1
TGCGAATATGGGATTT-1,1
TGCGACACCCTAGTGC-1,2
TGCGACGGCCGAACGT-1,3
TGCGAGAATATTACCC-1,1
TGCGAGATGGCGGCCA-1,2
TGCGAGCCCTTCCGCG-1,2
TGCGATGCTAATGGCT-1,3
TGCGCAAAGCATTTGG-1,1
TGCGCGATTAACGGAG-1,1
TGCGGACTTGACTCCG-1,5
TGCGGAGTAAAGGTGC-1,3
TGCGGCATAGTTCAAC-1,3
TGCGGTGAAATTTCAT-1,2
TGCGTAAGAACCTGAT-1,1
TGCGTACGGCTAATTG-1,2
TGCGTCATGACTGAGC-1,3
TGCGTGATTGGGTGTC-1,4
TGCGTTTGTTGACACT-1,3
TGCTAAGTGTCTATTT-1,1
TGCTATGGCAAAGGGA-1,2
TGCTCCACAGTTCTTA-1,2
TGCTCGGCGAAACCCA-1,3
TGCTCGGTGGGTCACC-1,5
TGCTCTGCCGGTTCAC-1,2
TGCTCTTGAGAGTTTG-1,1
TGCTGCGTCAGAGTTA-1,2
TGCTGGTTGGACAATT-1,4
TGCTGTTGAAGAACTC-1,3
TGCTTAGAGAGAATGC-1,1
TGCTTCCCAAGCAGTA-1,3
TGCTTGAAACCATGCA-1,1
TGGAACCACTGACACA-1,1
TGGAAGAAGGGAACGT-1,1
TGGAAGACGAACACCA-1,1
TGGAAGGATAAAGATG-1,3
TGGAATATCCTTGACC-1,3
TGGAATTAGACGCTTT-1,3
TGGACACCGTTGCTTG-1,3
TGGACCAATCTAAGAT-1,5
TGGACGCAATCCAGCC-1,3
TGGACTGTTCGCTCAA-1,1
TGGAGAATAATCGTCC-1,2
TGGAGCTAAAGTTCCC-1,2
TGGAGGGAAACACCTC-1,2
TGGAGTGATGCGATGA-1,2
TGGATAGAGTAACAGA-1,3
TGGCAAACTAAATTAC-1,1
TGGCAACTCGCGCGCC-1,1
TGGCAAGCACAAGTCG-1,3
TGGCAATGGGACGGCG-1,1
TGGCACGAGCTCGAGT-1,4
TGGCAGATTACGATCA-1,5
TGGCAGCAGTAATAGT-1,3
TGGCATGAAGTTTGGG-1,3
TGGCCAAACTGAAGTA-1,1
TGGCCAATTTGGTACT-1,3
TGGCCGTATATTGACC-1,1
TGGCGACTGCTCCAAA-1,3
TGGCGATCAAGTTATG-1,1
TGGCGGTGTGCGATTG-1,2
TGGCTACACTCTACCT-1,1
TGGCTATGTGACATAC-1,1
TGGCTCTTGTCGCGTA-1,3
TGGCTTGTACAAGCTT-1,1
TGGCTTTGGGTAGACA-1,1
TGGGAAATGCCTTTCC-1,3
TGGGATGCACTCATTC-1,3
TGGGCACAAACAGAAC-1,2
TGGGCACGTTCTATGG-1,1
TGGGCAGGCCACCGCA-1,1
TGGGCCACAAGAGCGC-1,1
TGGGCCCATACTAATT-1,1
TGGGCCTTGCCTGCAT-1,3
TGGGCGATACAATAAG-1,1
TGGGTAAGGTTCCCGC-1,1
TGGGTGCACAAGCCAT-1,1
TGGGTGGGATGTCATT-1,1
TGGGTGTAATAGATTT-1,1
TGGGTGTTAAGTAGAA-1,1
TGGGTTTCGGGCGTAC-1,2
TGGTAAGCAGGATTGA-1,3
TGGTAGAATATATGGG-1,4
TGGTATCGCATCCCAA-1,2
TGGTATCGGTCTGTAT-1,1
TGGTCCCACGCTACGG-1,2
TGGTCGATATACCTCT-1,1
TGGTCGGGTACAGGGC-1,3
TGGTCTGTTGGGCGTA-1,3
TGGTGATCGTATTTGT-1,4
TGGTGCCCTGCCTTAC-1,1
TGGTTAACTTACATTT-1,3
TGGTTAAGGGCGCTGG-1,2
TGGTTCAACGGGTAAT-1,1
TGGTTCGTAGCAAAGG-1,1
TGGTTGGAGGATCCTG-1,1
TGGTTTAAACGTGGGT-1,2
TGTAATGACCACAATA-1,1
TGTACCTACACGAGGG-1,2
TGTACGAACAAATCCG-1,3
TGTACTACTCTCACGG-1,2
TGTACTTCCGGGCATG-1,3
TGTAGCCAATTCCGTT-1,2
TGTAGCCATCCCATTC-1,4
TGTAGGAGAAATTTCC-1,1
TGTAGTGATCTATAAT-1,4
TGTATAACAGATCCTG-1,2
TGTATACGGATGATGA-1,2
TGTATCAGACTGAAGC-1,2
TGTATCCTTATTCCAT-1,2
TGTATGGCGCAGACAG-1,3
TGTATTTACCTAATGC-1,1
TGTCATTTGTTGGGAA-1,2
TGTCCACGGCTCAACT-1,2
TGTCCCGACATAGCAC-1,2
TGTCCGCAAACAATTC-1,3
TGTCCGTGGCGCCTTT-1,3
TGTCCTAAGTCACCGC-1,4
TGTCGGCATGGTGGAA-1,1
TGTCGTGGGTATAGGC-1,2
TGTCGTTATCACATAT-1,3
TGTCTACAGTTTCTGT-1,3
TGTGACTACGCCAGTC-1,1
TGTGACTAGAGTTTGC-1,3
TGTGAGACTAGCCCAA-1,1
TGTGCCGGTGCCGGAA-1,2
TGTGCTTTACGTAAGA-1,1
TGTGGACTATCTACGT-1,1
TGTGGCAAAGCGTATG-1,3
TGTGGCGGGCTTCTGG-1,3
TGTGGTAGGGTGCCTT-1,1
TGTGGTTGCTAAAGCT-1,1
TGTGTAGTAGCACGTG-1,2
TGTGTCGCGAGTTGCA-1,2
TGTGTTCGTATCCAAG-1,1
TGTTAACAAAGTGACT-1,2
TGTTATTGTATGTGGC-1,3
TGTTCATAAATGTGCT-1,3
TGTTCCGCTTCCATGA-1,1
TGTTCCGGCCTGAGCT-1,2
TGTTCGTATTGCGGTG-1,1
TGTTCTCATACTATAG-1,2
TGTTCTCTACTCCCTA-1,2
TGTTCTTCCATTGACT-1,1
TGTTGCCGTCGTCCCA-1,3
TGTTGTCAAGAAGTCT-1,2
TGTTTAATACTTCATC-1,2
TGTTTCGGTACTTCTC-1,3
TGTTTGAGATCGTCAG-1,3
TTAAACAGAGTCCCGC-1,2
TTAAACCGGTAGCGAC-1,3
TTAAACCTGGTTCCTT-1,3
TTAAACTCGAATTCAT-1,4
TTAAAGGCGATGCTCG-1,1
TTAAAGTAAGTCGCCA-1,2
TTAACACCTCGAACAT-1,1
TTAACCAACCCTCCCT-1,3
TTAACGAACAAGCAGT-1,2
TTAACGTCGCAAGACC-1,3
TTAACTCACGCGTGGA-1,3
TTAACTGATCGTTTGG-1,2
TTAACTTCAGGTAGGA-1,1
TTAAGACGAACGAACC-1,4
TTAAGATACCCAGAGA-1,2
TTAAGCCGACAACTTC-1,2
TTAAGCGCCTGACCCA-1,3
TTAAGGATACGGAGGT-1,2
TTAAGGCCCGTACTTT-1,3
TTAAGTATTGTTATCC-1,1
TTAATCAGTACGTCAG-1,1
TTAATGTAGACCAGGT-1,2
TTAATTGCTTTGGGTG-1,5
TTAATTTCAGACGCGG-1,1
TTACAACTACGCATCC-1,3
TTACACGATCTGCGAC-1,3
TTACAGACCTAAATGA-1,2
TTACATCGTGGCCTGG-1,2
TTACATGCCACAACTA-1,1
TTACCATTGATTACCC-1,3
TTACCCATTGCCGGGT-1,2
TTACCCTAACAGTCCT-1,2
TTACCCTAGGGATTGG-1,3
TTACCGCCTTAGGGAA-1,1
TTACGGATGGTTCGAG-1,4
TTACGTATCTATGACA-1,4
TTACTAAAGGACTTTA-1,1
TTACTATCGGCTTCTC-1,1
TTACTCCGGCCGGGAA-1,1
TTACTCTGGTACGTAC-1,2
TTACTGGGATATTTCA-1,5
TTACTGTCTAGAGCTC-1,2
TTAGAAGAACATGACT-1,3
TTAGAATAAGGGTCGG-1,1
TTAGACACGATCGTTG-1,2
TTAGACGAGTCACCTC-1,3
TTAGAGTTTAGAAGGA-1,1
TTAGATAGGTCGATAC-1,1
TTAGCAACATGGATGT-1,3
TTAGCCATAGGGCTCG-1,2
TTAGCTAATACGATCT-1,3
TTAGCTCTGTAATCCG-1,4
TTAGCTGATTTGCCGT-1,1
TTAGGATGGGAGGGTA-1,1
TTAGGTCATAACCGAC-1,1
TTAGTAAACCTGCTCT-1,1
TTAGTAGGGCGGCGGG-1,1
TTAGTTATTCGTGGCA-1,3
TTAGTTCAAGTGTTCG-1,1
TTATAGGTAATTGTCT-1,1
TTATAGTCCAAGGTGC-1,2
TTATATACGCTGTCAC-1,1
TTATATTTGGCAATCC-1,2
TTATCCAATCGAACTC-1,1
TTATCCGGGATCTATA-1,1
TTATCCTCAAGGAATA-1,3
TTATCTGACATTAGGA-1,1
TTATCTGTATCATAAC-1,3
TTATGAATGAAAGGGA-1,1
TTATGACAAACTGGAT-1,1
TTATGATCTTAACGAA-1,1
TTATGCGTCCCGGTCC-1,2
TTATGTTTGCGATAGA-1,1
TTATTAGAGCGTGTTC-1,3
TTATTAGGGAAGCATC-1,3
TTATTATCTGGAAGGC-1,2
TTATTTAGGTTCCTTA-1,3
TTCAAAGTCTCTAGCC-1,1
TTCAACGACCCGACCG-1,2
TTCAAGCCGAGCTGAG-1,2
TTCAATACTCTGAATC-1,2
TTCAATTAGCCATAAT-1,2
TTCACGAAAGGATCAC-1,3
TTCACGGTCGTCACGT-1,2
TTCACTCGAGCACCTA-1,1
TTCACTTCCTAGAACG-1,2
TTCAGCCCTGGTCCAC-1,1
TTCAGCTGGCGTGCCC-1,1
TTCAGGCGTCAAAGCC-1,3
TTCAGTTCAAGAGGAG-1,2
TTCATAGCCTTGTAAC-1,1
TTCATGGCGCAACAGG-1,2
TTCCAATCAGAGCTAG-1,2
TTCCAATCTGGCTATC-1,1
TTCCACACAGATTTGA-1,3
TTCCAGACGAGATTTA-1,2
TTCCAGTGGGTTTCGT-1,1
TTCCATCATGCGGTGA-1,1
TTCCATCGACAGCGTG-1,4
TTCCCGGCGCCAATAG-1,1
TTCCGCAGAGAAATAT-1,1
TTCCGCGTGAGGCGAT-1,1
TTCCGGCCTTGAGGCT-1,1
TTCCGGCTCGACTTCT-1,2
TTCCGGTATCTGTGTC-1,3
TTCCGGTTACCCACTT-1,3
TTCCTCGAGGGTGTCT-1,1
TTCCTCGGACTAACCA-1,3
TTCCTCTGCCCGAATA-1,3
TTCCTTTCTGTGTTGC-1,2
TTCGAACGAAACATGC-1,1
TTCGACAGAGCCCGTG-1,2
TTCGACGGGAAGGGCG-1,1
TTCGAGCCGGCGCTAC-1,2
TTCGCACTCGCGTGCT-1,1
TTCGCACTGTACGACA-1,3
TTCGCATCCGGAAGCA-1,4
TTCGCCGCTCGCGCTA-1,3
TTCGCGCGCCATACGA-1,3
TTCGCTAGGAAGTTGT-1,3
TTCGCTATCTGACGTG-1,2
TTCGGACTGATGCCTT-1,3
TTCGGCAACCCGCTGA-1,2
TTCGGCTAGAGATGGT-1,3
TTCGGGACTAATCGCG-1,1
TTCGGGCGCTAGTCTT-1,2
TTCGGGTTGCCACGGG-1,1
TTCGGTACTGTAGAGG-1,1
TTCGGTGGAGACGCCC-1,4
TTCGTAATCCCAGCGG-1,2
TTCGTACTCCAGAACG-1,2
TTCGTTCAACGAAGTT-1,2
TTCTAACCGAAGCTTA-1,4
TTCTACCTCAATCGGT-1,2
TTCTACCTTTATGTTG-1,2
TTCTACTTGCGAGGGC-1,1
TTCTAGAAAGTCTTAT-1,1
TTCTAGGCCAATTGTG-1,1
TTCTATGCCTTTCGCA-1,2
TTCTATTAAACGCAGC-1,2
TTCTCAATTGCTACAA-1,3
TTCTGACCGGGCTCAA-1,1
TTCTGCCGCGCCTAGA-1,3
TTCTGCGAGCGCCCTT-1,3
TTCTGCGGGTTAGCGG-1,1
TTCTGCTAGACTCCAA-1,2
TTCTGTTTCCTGTCGC-1,3
TTCTTAGTGAACGGTG-1,2
TTCTTAGTGGCTCAGA-1,2
TTCTTATCCGCTGGGT-1,3
TTCTTGAGCCGCGCTA-1,2
TTCTTGCTAGCATCTC-1,1
TTCTTGGACGATCTGC-1,1
TTCTTGGAGTAATGAG-1,2
TTCTTGTAACCTAATG-1,2
TTCTTGTGTCCATCAG-1,3
TTCTTTGGTCGCGACG-1,2
TTGAAACCCTCATTCC-1,3
TTGAAAGGTGTAAAGG-1,3
TTGAACGAATCCTTTG-1,4
TTGAACGACGTGCTGA-1,1
TTGAAGAATTCCCAGG-1,3
TTGAAGGATGGGCGCC-1,3
TTGAATATGGACTTTC-1,2
TTGAATCGTTGTATAA-1,3
TTGAATTCACGTGAGG-1,1
TTGACAGGAGCTCCCG-1,4
TTGACATGAACGTGGA-1,2
TTGACCAGGAACAACT-1,5
TTGACCATGTTCTCCG-1,1
TTGACCGTGTTAATGA-1,1
TTGACGATTCAGCACG-1,3
TTGACGCTCCATGAGC-1,4
TTGACTACCATATGGT-1,3
TTGAGAAGTTTAGCAT-1,1
TTGAGAGTACTGCTAA-1,2
TTGAGCGCCACGTGAT-1,2
TTGAGGCATTTAACTC-1,2
TTGAGTCCCGCTGCTG-1,2
TTGATAGTCAATACAT-1,3
TTGATCTAACTTTGTC-1,1
TTGATGCCGCTCGTCG-1,1
TTGATGTGTAGTCCCG-1,1
TTGATTAGCTGTTTCT-1,1
TTGATTATGCAGATGA-1,1
TTGCAAGAAGACTCCT-1,1
TTGCACAATTCAGAAA-1,5
TTGCACGGAGCAGCAC-1,2
TTGCATGCTGATCACG-1,2
TTGCCATAGCCCGCTC-1,3
TTGCCCTGATCACGGG-1,4
TTGCCGCAGACCTACA-1,4
TTGCCGCTTTCTAGTA-1,5
TTGCCGGTGATCCCTC-1,3
TTGCCTAATCCAAAGT-1,3
TTGCCTTCTCGCCGGG-1,2
TTGCGCTTGATCAATA-1,2
TTGCGGCATCAGAAAG-1,3
TTGCGTAGTTTGAGGA-1,1
TTGCGTCGGCCAACCG-1,1
TTGCGTGAACGCTTAG-1,3
TTGCGTGTGTAGGCAT-1,2
TTGCTCATAGTACGTG-1,2
TTGCTCCCATACCGGA-1,3
TTGCTGAAGGAACCAC-1,1
TTGCTGATCATGTTCG-1,3
TTGCTGGCCGGGCTTC-1,1
TTGGAAGAATACAGTC-1,1
TTGGACATGTGGCTTA-1,2
TTGGACCATCTGGCAA-1,1
TTGGACCTATAACAGT-1,3
TTGGAGTCTCCCTTCT-1,1
TTGGATATCGTCTACG-1,1
TTGGATCGACTTCTGG-1,2
TTGGATTGGGTACCAC-1,1
TTGGCCAAATTGTATC-1,2
TTGGCCATCTTGCGCT-1,3
TTGGCCTAGAATTTCG-1,2
TTGGCGATCCGAATAT-1,2
TTGGCTCAATATGTGT-1,2
TTGGCTCGCATGAGAC-1,3
TTGGGAAGACGAGCCG-1,1
TTGGGACACTGCCCGC-1,3
TTGGGACGTAAGAGTT-1,1
TTGGGCGGCGGTTGCC-1,1
TTGGGTTTATTCAGCG-1,2
TTGGTATGGCTTGTGT-1,2
TTGGTCACACTCGTAA-1,3
TTGGTGCGGTGTTGAA-1,1
TTGGTTCGCTCAAAGG-1,4
TTGGTTGCGGTGCGCG-1,1
TTGTAAGGACCTAAGT-1,1
TTGTAAGGCCAGTTGG-1,2
TTGTAATCCGTACTCG-1,1
TTGTATCACACAGAAT-1,1
TTGTCGTTCAGTTACC-1,3
TTGTCTCGGCAAGATG-1,2
TTGTGAACCTAATCCG-1,2
TTGTGAGGCATGACGC-1,1
TTGTGATCTGTTCAGT-1,3
TTGTGCAGCCACGTCA-1,3
TTGTGGAGACAGCCGG-1,1
TTGTGGCCCTGACAGT-1,2
TTGTGGTAGGAGGGAT-1,1
TTGTGGTATAGGTATG-1,3
TTGTGGTGGTACTAAG-1,2
TTGTGTATGCCACCAA-1,1
TTGTGTTTCCCGAAAG-1,1
TTGTTAGCAAATTCGA-1,4
TTGTTCAGTGTGCTAC-1,1
TTGTTGTGTGTCAAGA-1,2
TTGTTTCACATCCAGG-1,2
TTGTTTCATTAGTCTA-1,1
TTGTTTCCATACAACT-1,1
TTGTTTGTATTACACG-1,2
TTGTTTGTGTAAATTC-1,2
